<?xml version="1.0" encoding="UTF-8"?>
<mule xmlns:validation="http://www.mulesoft.org/schema/mule/validation" xmlns:json="http://www.mulesoft.org/schema/mule/json"
	xmlns:doc="http://www.mulesoft.org/schema/mule/documentation" xmlns="http://www.mulesoft.org/schema/mule/core" xmlns:apikit="http://www.mulesoft.org/schema/mule/apikit" xmlns:http="http://www.mulesoft.org/schema/mule/http" xmlns:spring="http://www.springframework.org/schema/beans" xmlns:xsi="http://www.w3.org/2001/XMLSchema-instance" xsi:schemaLocation="http://www.mulesoft.org/schema/mule/json http://www.mulesoft.org/schema/mule/json/current/mule-json.xsd
http://www.mulesoft.org/schema/mule/core http://www.mulesoft.org/schema/mule/core/current/mule.xsd
http://www.mulesoft.org/schema/mule/http http://www.mulesoft.org/schema/mule/http/current/mule-http.xsd
http://www.mulesoft.org/schema/mule/apikit http://www.mulesoft.org/schema/mule/apikit/current/mule-apikit.xsd
http://www.springframework.org/schema/beans http://www.springframework.org/schema/beans/spring-beans-3.1.xsd
http://www.mulesoft.org/schema/mule/validation http://www.mulesoft.org/schema/mule/validation/current/mule-validation.xsd">
    <http:listener-config name="api-httpListenerConfig" host="0.0.0.0" port="${http.port}" doc:name="HTTP Listener Configuration"/>
    <apikit:config name="api-config" raml="api.raml" consoleEnabled="false" doc:name="Router"/>
    <http:request-config name="HTTP_Request_Configuration" host="${http.host}" port="${http.port1}" basePath="${http.basepath}" doc:name="HTTP Request Configuration"/>
    <validation:config name="Validation_Configuration" doc:name="Validation Configuration"/>
    <flow name="api-main">
        <http:listener config-ref="api-httpListenerConfig" path="/api/*" doc:name="HTTP">
            <http:response-builder>
                <http:header headerName="Access-Control-Allow-Origin" value="*"/>
            </http:response-builder>
        </http:listener>
        <apikit:router config-ref="api-config" doc:name="APIkit Router"/>
        <exception-strategy ref="api-apiKitGlobalExceptionMapping" doc:name="Reference Exception Strategy"/>
    </flow>
    <flow name="api-console">
        <http:listener config-ref="api-httpListenerConfig" path="/console/*" doc:name="HTTP"/>
        <apikit:console config-ref="api-config" doc:name="APIkit Console"/>
    </flow>
    <flow name="get:/UserFeedSearch:api-config">
      <set-session-variable variableName="hearder" value="#[message.inboundProperties.'http.query.params']" doc:name="hearder"/>
        <flow-ref name="validationFlow" doc:name="validationFlow"/>
        <choice doc:name="Choice">
            <when expression="#[sessionVars.choice!='ok']">
               <set-payload value="{ &quot;query&quot;: { &quot;bool&quot;: { &quot;filter&quot; : { &quot;range&quot; :{&quot;profileCompleteness&quot; : {     &quot;gte&quot;: &quot;30&quot;,       &quot;lte&quot;: &quot;100&quot;     }    }   },  &quot;must&quot;: [   {     &quot;match&quot;: {      &quot;gender&quot;: &quot;#[sessionVars.hearder.gender]&quot;     }}] }},   &quot;sort&quot;: [     {       &quot;requestedOn&quot;: {         &quot;order&quot;: &quot;desc&quot;       }     }   ],&quot;size&quot;:&quot;60&quot;,&quot;_source&quot;:[&quot;firstName&quot;,&quot;lastName&quot;,&quot;age&quot;,&quot;height&quot;,&quot;userRef&quot;,&quot;profileCompleteness&quot;,&quot;requestedOn&quot;]}" doc:name="Set Payload"/>
        <json:object-to-json-transformer doc:name="Object to JSON"/>
        <http:request config-ref="HTTP_Request_Configuration" path="/_search" method="POST" doc:name="HTTP_User_info"/>
        <json:json-to-object-transformer returnClass="java.lang.Object" doc:name="JSON to Object"/>

        <set-variable variableName="mySource" value="#[[]]" doc:name="mySource"/>
        <enricher source="#[(_source in payload.hits.hits)]" target="#[flowVars.mySource]" doc:name="Message Enricher">
            <json:json-to-object-transformer returnClass="java.util.HashMap" doc:name="JSON to Object"/>
        </enricher>
        <set-payload value=" {   &quot;guid&quot;: &quot;#[sessionVars.hearder.guid]&quot;,   &quot;responsedatetime&quot;: &quot;#[server.dateTime.format('MM/dd/yyyy,HH:mm:ss')]&quot;,   &quot;responsefrom&quot;: &quot;&quot;,   &quot;geoLocation&quot;: &quot;#[sessionVars.hearder.geoLocation]&quot;  }" doc:name="Set Payload"/>
        <json:json-to-object-transformer returnClass="java.lang.Object" doc:name="JSON to Object"/>
        <set-variable variableName="payloadData" value="#[payload]" doc:name="payloadData"/>
        <expression-transformer mimeType="application/json" expression="#[[{'header': flowVars.payloadData, 'body': flowVars.mySource}]]" doc:name="Expression"/>
        <json:object-to-json-transformer doc:name="Object to JSON"/>

        <logger level="INFO" doc:name="Logger" message="#[flowVars.size]"/>
            </when>
            <otherwise>
                <logger level="INFO" doc:name="Logger"/>
            </otherwise>
        </choice>
       </flow>
        <flow name="validationFlow">
        <validation:all config-ref="Validation_Configuration" doc:name="Validation">
            <validation:validations>
                <validation:is-not-empty value="#[sessionVars.hearder.guid]" message="{&quot;message&quot;:&quot;guid is required&quot;}"/>
                <validation:is-not-empty value="#[sessionVars.hearder.geoLocation]" message="{&quot;message&quot;:&quot;geoLocation is required&quot;}"/>
                <validation:is-not-empty value="#[sessionVars.hearder.requestedFrom]" message="{&quot;message&quot;:&quot;requestedFrom is required&quot;}"/>
                <validation:is-not-empty value="#[sessionVars.hearder.requestedOn]" message="{&quot;message&quot;:&quot;requestedOn is required&quot;}"/>


            </validation:validations>
        </validation:all>
        <catch-exception-strategy doc:name="Catch Exception Strategy">
            <set-property propertyName="http.status" value="400" doc:name="Property"/>
            <set-payload value="#['error:'+''+exception]" doc:name="Set Payload"/>
            <set-session-variable variableName="choice" value="ok" doc:name="Session Variable"/>
        </catch-exception-strategy>
    </flow>
    <apikit:mapping-exception-strategy name="api-apiKitGlobalExceptionMapping">
        <apikit:mapping statusCode="404">
            <apikit:exception value="org.mule.module.apikit.exception.NotFoundException" />
            <set-property propertyName="Content-Type" value="application/json" doc:name="Property"/>
            <set-payload value="{ &quot;message&quot;: &quot;Resource not found&quot; }" doc:name="Set Payload"/>
        </apikit:mapping>
        <apikit:mapping statusCode="405">
            <apikit:exception value="org.mule.module.apikit.exception.MethodNotAllowedException" />
            <set-property propertyName="Content-Type" value="application/json" doc:name="Property"/>
            <set-payload value="{ &quot;message&quot;: &quot;Method not allowed&quot; }" doc:name="Set Payload"/>
        </apikit:mapping>
        <apikit:mapping statusCode="415">
            <apikit:exception value="org.mule.module.apikit.exception.UnsupportedMediaTypeException" />
            <set-property propertyName="Content-Type" value="application/json" doc:name="Property"/>
            <set-payload value="{ &quot;message&quot;: &quot;Unsupported media type&quot; }" doc:name="Set Payload"/>
        </apikit:mapping>
        <apikit:mapping statusCode="406">
            <apikit:exception value="org.mule.module.apikit.exception.NotAcceptableException" />
            <set-property propertyName="Content-Type" value="application/json" doc:name="Property"/>
            <set-payload value="{ &quot;message&quot;: &quot;Not acceptable&quot; }" doc:name="Set Payload"/>
        </apikit:mapping>
        <apikit:mapping statusCode="400">
            <apikit:exception value="org.mule.module.apikit.exception.BadRequestException" />
            <set-property propertyName="Content-Type" value="application/json" doc:name="Property"/>
            <set-payload value="{ &quot;message&quot;: &quot;Bad request&quot; }" doc:name="Set Payload"/>
        </apikit:mapping>
    </apikit:mapping-exception-strategy>
</mule>
