<?xml version="1.0" encoding="UTF-8"?>
<mule xmlns:json="http://www.mulesoft.org/schema/mule/json" xmlns:doc="http://www.mulesoft.org/schema/mule/documentation" xmlns="http://www.mulesoft.org/schema/mule/core" xmlns:apikit="http://www.mulesoft.org/schema/mule/apikit" xmlns:http="http://www.mulesoft.org/schema/mule/http" xmlns:spring="http://www.springframework.org/schema/beans" xmlns:xsi="http://www.w3.org/2001/XMLSchema-instance" xsi:schemaLocation="http://www.mulesoft.org/schema/mule/core http://www.mulesoft.org/schema/mule/core/current/mule.xsd
http://www.mulesoft.org/schema/mule/http http://www.mulesoft.org/schema/mule/http/current/mule-http.xsd
http://www.mulesoft.org/schema/mule/apikit http://www.mulesoft.org/schema/mule/apikit/current/mule-apikit.xsd
http://www.springframework.org/schema/beans http://www.springframework.org/schema/beans/spring-beans-3.1.xsd
http://www.mulesoft.org/schema/mule/json http://www.mulesoft.org/schema/mule/json/current/mule-json.xsd">
    <http:listener-config name="api-httpListenerConfig" host="0.0.0.0" port="3039" doc:name="HTTP Listener Configuration"/>
    <apikit:config name="api-config" raml="api.raml" consoleEnabled="false" doc:name="Router"/>
    <http:request-config name="HTTP_Request_Configuration" host="192.168.0.116" port="9200" basePath="anzuser/userFeed" doc:name="HTTP Request Configuration"/>
    <http:request-config name="HTTP_Request_Configuration1" host="192.168.0.116" port="9200" basePath="anzuser/userVisitors" doc:name="HTTP Request Configuration"/>
    <http:request-config name="HTTP_Request_Configuration2" host="192.168.0.116" port="9200" basePath="anzuser/userLike" doc:name="HTTP Request Configuration"/>
    <http:request-config name="HTTP_Request_Configuration3" host="192.168.0.116" port="9200" basePath="anzuser/userFavourite" doc:name="HTTP Request Configuration"/>
    <flow name="api-main">
        <http:listener config-ref="api-httpListenerConfig" path="/api/*" doc:name="HTTP"/>
        <apikit:router config-ref="api-config" doc:name="APIkit Router"/>
        <exception-strategy ref="api-apiKitGlobalExceptionMapping" doc:name="Reference Exception Strategy"/>
    </flow>
    <flow name="api-console">
        <http:listener config-ref="api-httpListenerConfig" path="/console/*" doc:name="HTTP"/>
        <apikit:console config-ref="api-config" doc:name="APIkit Console"/>
    </flow>
    <flow name="post:/searchData:api-config">
        <json:json-to-object-transformer returnClass="java.lang.Object" doc:name="JSON to Object"/>
        <set-variable variableName="userRef" value="#[payload.body.userRef]" doc:name="Variable"/>
        <json:object-to-json-transformer doc:name="Object to JSON"/>
         <set-payload value="{     &quot;favouriteData&quot;: [            ]   }" doc:name="Set Payload"/>
        <http:request config-ref="HTTP_Request_Configuration3" path="/{userRef}" method="POST" doc:name="HTTP">
            <http:request-builder>
                <http:uri-param paramName="userRef" value="#[flowVars.userRef]"/>

            </http:request-builder>
        </http:request>
        <set-payload value="{
    &quot;searchData&quot;: [
      
    ]
  }" doc:name="Set Payload"/>
        <http:request config-ref="HTTP_Request_Configuration" path="/{userRef}" method="POST" doc:name="HTTP">
            <http:request-builder>
                <http:uri-param paramName="userRef" value="#[flowVars.userRef]"/>
            </http:request-builder>
        </http:request>
        <set-payload value="{
    &quot;visitorsData&quot;: [
      
    ]
  }" doc:name="Set Payload"/>
        <http:request config-ref="HTTP_Request_Configuration1" path="/{userRef}" method="POST" doc:name="HTTP">
            <http:request-builder>
                <http:uri-param paramName="userRef" value="#[flowVars.userRef]"/>
            </http:request-builder>
        </http:request>
        <set-payload value="{     &quot;likeData&quot;: [            ]   }" doc:name="Set Payload"/>
        <http:request config-ref="HTTP_Request_Configuration2" path="/{userRef}" method="POST" doc:name="HTTP">
            <http:request-builder>
                <http:uri-param paramName="userRef" value="#[flowVars.userRef]"/>
            </http:request-builder>
        </http:request>

        <set-payload value="{&#xA; &quot;header&quot;:{&#xA;   &quot;guid&quot;:&quot;&quot;,&#xA;   &quot;responseOn&quot;:&quot;&quot;,&#xA;   &quot;responseFrom&quot; :&quot;&quot;,&#xA;   &quot;userRef&quot; : &quot;&quot;,&#xA;   &quot;geoLocation&quot;:&quot;&quot;,&#xA;   &quot;status&quot;:&quot;success&quot;,&#xA;   &quot;statuscode&quot;:&quot;0&quot;&#xA;     },&#xA;     &quot;body&quot;:{&#xA;     &quot;message&quot;:&quot;Data added successfully&quot;&#xA;     }}" doc:name="Set Payload"/>
    </flow>
    <apikit:mapping-exception-strategy name="api-apiKitGlobalExceptionMapping">
        <apikit:mapping statusCode="404">
            <apikit:exception value="org.mule.module.apikit.exception.NotFoundException" />
            <set-property propertyName="Content-Type" value="application/json" doc:name="Property"/>
            <set-payload value="{ &quot;message&quot;: &quot;Resource not found&quot; }" doc:name="Set Payload"/>
        </apikit:mapping>
        <apikit:mapping statusCode="405">
            <apikit:exception value="org.mule.module.apikit.exception.MethodNotAllowedException" />
            <set-property propertyName="Content-Type" value="application/json" doc:name="Property"/>
            <set-payload value="{ &quot;message&quot;: &quot;Method not allowed&quot; }" doc:name="Set Payload"/>
        </apikit:mapping>
        <apikit:mapping statusCode="415">
            <apikit:exception value="org.mule.module.apikit.exception.UnsupportedMediaTypeException" />
            <set-property propertyName="Content-Type" value="application/json" doc:name="Property"/>
            <set-payload value="{ &quot;message&quot;: &quot;Unsupported media type&quot; }" doc:name="Set Payload"/>
        </apikit:mapping>
        <apikit:mapping statusCode="406">
            <apikit:exception value="org.mule.module.apikit.exception.NotAcceptableException" />
            <set-property propertyName="Content-Type" value="application/json" doc:name="Property"/>
            <set-payload value="{ &quot;message&quot;: &quot;Not acceptable&quot; }" doc:name="Set Payload"/>
        </apikit:mapping>
        <apikit:mapping statusCode="400">
            <apikit:exception value="org.mule.module.apikit.exception.BadRequestException" />
            <set-property propertyName="Content-Type" value="application/json" doc:name="Property"/>
            <set-payload value="{ &quot;message&quot;: &quot;Bad request&quot; }" doc:name="Set Payload"/>
        </apikit:mapping>
    </apikit:mapping-exception-strategy>
</mule>
