<?xml version="1.0" encoding="UTF-8"?>
<mule xmlns:tracking="http://www.mulesoft.org/schema/mule/ee/tracking" xmlns:json="http://www.mulesoft.org/schema/mule/json"
	xmlns:doc="http://www.mulesoft.org/schema/mule/documentation" xmlns="http://www.mulesoft.org/schema/mule/core" xmlns:apikit="http://www.mulesoft.org/schema/mule/apikit" xmlns:http="http://www.mulesoft.org/schema/mule/http" xmlns:spring="http://www.springframework.org/schema/beans" xmlns:xsi="http://www.w3.org/2001/XMLSchema-instance" xsi:schemaLocation="http://www.mulesoft.org/schema/mule/json http://www.mulesoft.org/schema/mule/json/current/mule-json.xsd
http://www.mulesoft.org/schema/mule/core http://www.mulesoft.org/schema/mule/core/current/mule.xsd
http://www.mulesoft.org/schema/mule/http http://www.mulesoft.org/schema/mule/http/current/mule-http.xsd
http://www.mulesoft.org/schema/mule/apikit http://www.mulesoft.org/schema/mule/apikit/current/mule-apikit.xsd
http://www.springframework.org/schema/beans http://www.springframework.org/schema/beans/spring-beans-3.1.xsd
http://www.mulesoft.org/schema/mule/ee/tracking http://www.mulesoft.org/schema/mule/ee/tracking/current/mule-tracking-ee.xsd">
    <http:listener-config name="api-httpListenerConfig" host="0.0.0.0" port="8082" doc:name="HTTP Listener Configuration"/>
    <apikit:config name="api-config" raml="api.raml" consoleEnabled="false" doc:name="Router"/>
    <http:request-config name="HTTP_Request_Configuration" host="192.168.0.116" port="9200" basePath="anz_user/user_info" doc:name="HTTP Request Configuration"/>
    <http:request-config name="HTTP_Request_Configuration1" host="192.168.0.116" port="9200" basePath="anz_user/user_search" doc:name="HTTP Request Configuration"/>
    <flow name="api-main">
        <http:listener config-ref="api-httpListenerConfig" path="/api/*" doc:name="HTTP">
            <http:response-builder>
                <http:header headerName="Access-Control-Allow-Origin" value="*"/>
            </http:response-builder>
        </http:listener>
        <apikit:router config-ref="api-config" doc:name="APIkit Router"/>
        <exception-strategy ref="api-apiKitGlobalExceptionMapping" doc:name="Reference Exception Strategy"/>
    </flow>
    <flow name="api-console">
        <http:listener config-ref="api-httpListenerConfig" path="/console/*" doc:name="HTTP"/>
        <apikit:console config-ref="api-config" doc:name="APIkit Console"/>
    </flow>
     <flow name="get:/AdvancedSearchDetails:api-config">
        <set-variable doc:name="Variable" value="#[message.inboundProperties.'http.query.params'.user_ref]" variableName="user_ref"/>
        <http:request config-ref="HTTP_Request_Configuration1" path="/{user_ref}" method="GET" doc:name="HTTP">
            <http:request-builder>
                <http:uri-param paramName="user_ref" value="#[flowVars.user_ref]"/>

            </http:request-builder>
        </http:request>
        <json:json-to-object-transformer returnClass="java.lang.Object" doc:name="JSON to Object"/>
        <set-payload value="#[payload._source]" doc:name="Set Payload"/>
        <json:object-to-json-transformer doc:name="Object to JSON"/>
        <logger level="INFO" doc:name="Logger"/>

    </flow>
    <flow name="get:/AdvanceSearch:api-config">
        <flow-ref name="SearchFlow" doc:name="SearchFlow"/>

    </flow>
        <flow name="SearchFlow">

        <json:json-to-object-transformer returnClass="java.lang.Object" doc:name="JSON to Object"/>
        <set-variable variableName="match" value="#[message.inboundProperties.'http.query.params']" doc:name="Variable"/>
        <set-payload value="{
&quot;user_ref&quot;:&quot;#[flowVars.match.user_ref]&quot;,
&quot;GenderFil&quot;:&quot;#[flowVars.match.GenderFil]&quot;,
                                    &quot;religion&quot;:&quot;#[flowVars.match.religion]&quot;,
                                    &quot;Min_Age&quot;: &quot;#[flowVars.match.Min_Age]&quot;, 
                                    &quot;Max_Age&quot;: &quot;#[flowVars.match.Max_Age]&quot;,
                                    &quot;MotherTongue&quot;: &quot;#[flowVars.match.MotherTongue]&quot;, 
                                    &quot;MaritalStatus&quot;:&quot;#[flowVars.match.MaritalStatus]&quot;,
                                    &quot;Height&quot;: &quot;#[flowVars.match.Height]&quot;,
                                    &quot;BodyType&quot;: &quot;#[flowVars.match.BodyType]&quot;,
                                    &quot;BodyWegiht&quot;:&quot;#[flowVars.match.BodyWegiht]&quot;,
                                    &quot;SkinType&quot;:&quot;#[flowVars.match.SkinType]&quot;,
                                    &quot;Diet&quot;:&quot;#[flowVars.match.Diet]&quot;,
                                    &quot;Drink&quot;:&quot;#[flowVars.match.Drink]&quot;,
                                    &quot;Smoke&quot;:&quot;#[flowVars.match.Smoke]&quot;
}" doc:name="Set Payload"/>
        <http:request config-ref="HTTP_Request_Configuration1" path="/{user_ref}" method="POST" doc:name="HTTP">
            <http:request-builder>
                <http:uri-param paramName="user_ref" value="#[flowVars.match.user_ref]"/>
            </http:request-builder>
        </http:request>
        <set-payload value="{ &quot;query&quot;: { &quot;bool&quot;: { &quot;filter&quot; : { &quot;range&quot; : {  &quot;age&quot; : {     &quot;gte&quot;: &quot;#[flowVars.match.Min_Age]&quot;,       &quot;lte&quot;: &quot;#[flowVars.match.Max_Age]&quot;     }    }   },  &quot;must&quot;: [   {     &quot;match&quot;: {     &quot;gender&quot;: &quot;#[flowVars.match.GenderFil]&quot;     }}, {     &quot;match&quot;: {      &quot;religion&quot;: &quot;#[flowVars.match.religion]&quot;     }    }],
	&quot;should&quot;: [{
				&quot;match&quot;: {
					&quot;Diet&quot;: &quot;#[flowVars.match.Diet]&quot;
				}
			}, {
				&quot;match&quot;: {
					&quot;residency_status&quot;: &quot;#[flowVars.match.Residency_Status]&quot;
				}
			}, {
				&quot;match&quot;: {
					&quot;working_type&quot;: &quot;#[flowVars.match.Working_Type]&quot;
				}
			}, {
				&quot;match&quot;: {
					&quot;working_as&quot;: &quot;#[flowVars.match.Profession]&quot;
				}
			}, {
				&quot;match&quot;: {
					&quot;annual_income&quot;: &quot;#[flowVars.match.Annual_Income]&quot;
				}
			}, {
				&quot;match&quot;: {
					&quot;BodyType&quot;: &quot;#[flowVars.match.BodyType]&quot;
				}
			}, {
				&quot;match&quot;: {
					&quot;marital_status&quot;: &quot;#[flowVars.match.MaritalStatus]&quot;
				}
			}, {
				&quot;match&quot;: {
					&quot;community&quot;: &quot;#[flowVars.match.community]&quot;
				}
			}, {
				&quot;match&quot;: {
					&quot;Drink&quot;: &quot;#[flowVars.match.Drink]&quot;
				}
			}, {
				&quot;match&quot;: {
					&quot;MotherTongue&quot;: &quot;#[flowVars.match.MotherTongue]&quot;
				}
			}, {
				&quot;match&quot;: {
					&quot;sub_community&quot;: &quot;#[flowVars.match.sub_community]&quot;
				}
			}, {
				&quot;match&quot;: {
					&quot;highest_edu&quot;: &quot;#[flowVars.match.Education]&quot;
				}
			}, {
				&quot;match&quot;: {
					&quot;country&quot;: &quot;#[flowVars.match.Country]&quot;
				}
			}, {
				&quot;match&quot;: {
					&quot;state&quot;: &quot;#[flowVars.match.State]&quot;
				}
			}, {
				&quot;match&quot;: {
					&quot;native_place&quot;: &quot;#[flowVars.match.City]&quot;
				}
			}, {
				&quot;match&quot;: {
					&quot;Smoke&quot;: &quot;#[flowVars.match.Smoke]&quot;
				}
			}, {
				&quot;match&quot;: {
					&quot;SkinType&quot;: &quot;#[flowVars.match.SkinType]&quot;
				}
			}, {
				&quot;match&quot;: {
					&quot;profile_for&quot;: &quot;#[flowVars.match.profile_for]&quot;
				}
			}] }},&quot;size&quot;:&quot;60&quot;}" doc:name="Set Payload"/>
        <json:object-to-json-transformer doc:name="Object to JSON"/>
        <http:request config-ref="HTTP_Request_Configuration" path="/_search" method="POST" doc:name="HTTP"/>
        <json:json-to-object-transformer returnClass="java.lang.Object" doc:name="JSON to Object"/>
        <set-variable variableName="data" value="#[payload]" doc:name="Variable"/>
        <set-variable variableName="mySource" value="#[[]]" doc:name="Variable"/>
        <enricher source="#[(_source in payload.hits.hits)]" target="#[flowVars.mySource]" doc:name="Message Enricher">
            <json:json-to-object-transformer returnClass="java.util.HashMap" doc:name="JSON to Object"/>
        </enricher>
        <set-payload value=" {   &quot;guid&quot;: &quot;&quot;,   &quot;responsedatetime&quot;: &quot;#[server.dateTime.format('MM/dd/yyyy,HH:mm:ss')]&quot;,   &quot;responsefrom&quot;: &quot;&quot;,   &quot;geoLocation&quot;: &quot;&quot;  }" doc:name="Set Payload"/>
        <json:json-to-object-transformer returnClass="java.lang.Object" doc:name="JSON to Object"/>
        <set-variable variableName="payloadData" value="#[payload]" doc:name="Variable"/>
        <expression-transformer mimeType="application/json" expression="#[[  {'header': flowVars.payloadData},{  'body': flowVars.mySource} ]]" doc:name="Expression"/>
        <json:object-to-json-transformer doc:name="Object to JSON"/>
        <logger level="INFO" doc:name="Logger" message="#[payload]"/>

</flow>
    <apikit:mapping-exception-strategy name="api-apiKitGlobalExceptionMapping">
        <apikit:mapping statusCode="404">
            <apikit:exception value="org.mule.module.apikit.exception.NotFoundException" />
            <set-property propertyName="Content-Type" value="application/json" doc:name="Property"/>
            <set-payload value="{ &quot;message&quot;: &quot;Resource not found&quot; }" doc:name="Set Payload"/>
        </apikit:mapping>
        <apikit:mapping statusCode="405">
            <apikit:exception value="org.mule.module.apikit.exception.MethodNotAllowedException" />
            <set-property propertyName="Content-Type" value="application/json" doc:name="Property"/>
            <set-payload value="{ &quot;message&quot;: &quot;Method not allowed&quot; }" doc:name="Set Payload"/>
        </apikit:mapping>
        <apikit:mapping statusCode="415">
            <apikit:exception value="org.mule.module.apikit.exception.UnsupportedMediaTypeException" />
            <set-property propertyName="Content-Type" value="application/json" doc:name="Property"/>
            <set-payload value="{ &quot;message&quot;: &quot;Unsupported media type&quot; }" doc:name="Set Payload"/>
        </apikit:mapping>
        <apikit:mapping statusCode="406">
            <apikit:exception value="org.mule.module.apikit.exception.NotAcceptableException" />
            <set-property propertyName="Content-Type" value="application/json" doc:name="Property"/>
            <set-payload value="{ &quot;message&quot;: &quot;Not acceptable&quot; }" doc:name="Set Payload"/>
        </apikit:mapping>
        <apikit:mapping statusCode="400">
            <apikit:exception value="org.mule.module.apikit.exception.BadRequestException" />
            <set-property propertyName="Content-Type" value="application/json" doc:name="Property"/>
            <set-payload value="{ &quot;message&quot;: &quot;Bad request&quot; }" doc:name="Set Payload"/>
        </apikit:mapping>
    </apikit:mapping-exception-strategy>
</mule>
