<?xml version="1.0" encoding="UTF-8"?>
<classpath>
	<classpathentry kind="src" path="src/main/app"/>
	<classpathentry kind="src" path="src/main/api"/>
	<classpathentry kind="src" path="src/main/java"/>
	<classpathentry kind="lib" path="src/main/app/lib/mysql-connector-java-5.0.8-bin.jar"/>
	<classpathentry exported="true" kind="con" path="MULE_RUNTIME/org.mule.tooling.server.3.8.0"/>
	<classpathentry kind="src" path="src/main/resources"/>
	<classpathentry kind="src" output="target/test-classes" path="src/test/java"/>
	<classpathentry kind="con" path="org.eclipse.jdt.launching.JRE_CONTAINER/org.eclipse.jdt.internal.debug.ui.launcher.StandardVMType/JavaSE-1.8"/>
	<classpathentry kind="src" output="target/test-classes" path="src/test/resources"/>
	<classpathentry kind="src" path="src/main/wsdl"/>
	<classpathentry kind="src" path="src/test/munit"/>
	<classpathentry kind="output" path="target/classes"/>
</classpath>
