<?xml version="1.0" encoding="UTF-8"?>
<mule xmlns:tracking="http://www.mulesoft.org/schema/mule/ee/tracking" xmlns:context="http://www.springframework.org/schema/context" xmlns:validation="http://www.mulesoft.org/schema/mule/validation" xmlns:json="http://www.mulesoft.org/schema/mule/json" xmlns:doc="http://www.mulesoft.org/schema/mule/documentation" xmlns="http://www.mulesoft.org/schema/mule/core" xmlns:apikit="http://www.mulesoft.org/schema/mule/apikit" xmlns:http="http://www.mulesoft.org/schema/mule/http" xmlns:spring="http://www.springframework.org/schema/beans" xmlns:xsi="http://www.w3.org/2001/XMLSchema-instance" xsi:schemaLocation="http://www.springframework.org/schema/beans http://www.springframework.org/schema/beans/spring-beans-current.xsd
http://www.mulesoft.org/schema/mule/json http://www.mulesoft.org/schema/mule/json/current/mule-json.xsd
http://www.mulesoft.org/schema/mule/http http://www.mulesoft.org/schema/mule/http/current/mule-http.xsd
http://www.mulesoft.org/schema/mule/validation http://www.mulesoft.org/schema/mule/validation/current/mule-validation.xsd
http://www.mulesoft.org/schema/mule/apikit http://www.mulesoft.org/schema/mule/apikit/current/mule-apikit.xsd
http://www.mulesoft.org/schema/mule/core http://www.mulesoft.org/schema/mule/core/current/mule.xsd
http://www.springframework.org/schema/context http://www.springframework.org/schema/context/spring-context-current.xsd
http://www.mulesoft.org/schema/mule/ee/tracking http://www.mulesoft.org/schema/mule/ee/tracking/current/mule-tracking-ee.xsd">
    <http:listener-config name="privacyopDetails-httpListenerConfig" host="0.0.0.0" port="3022" doc:name="HTTP Listener Configuration"/>
    <apikit:config name="privacyopDetails-config" raml="privacyopDetails.raml" consoleEnabled="false" doc:name="Router"/>
    <http:request-config name="HTTP_Request_Configuration" host="${elk.host}" port="${elk.Port}" basePath="${elk.BasePath}" doc:name="HTTP Request Configuration"/>
    <validation:config name="Validation_Configuration" doc:name="Validation Configuration" />
    <context:property-placeholder location="privacyoerations-ANZ.properties"/>
    <validation:exception-factory name="Validation_Exception_Factory" doc:name="Validation Exception Factory"/>
       <flow name="privacyopDetails-main">
        <http:listener config-ref="privacyopDetails-httpListenerConfig" path="/api/*" doc:name="HTTP"/>
        <apikit:router config-ref="privacyopDetails-config" doc:name="APIkit Router"/>
        <exception-strategy ref="privacyopDetails-apiKitGlobalExceptionMapping" doc:name="Reference Exception Strategy"/>
    </flow>
    <flow name="privacyopDetails-console">
        <http:listener config-ref="privacyopDetails-httpListenerConfig" path="/console/*" doc:name="HTTP"/>
        <apikit:console config-ref="privacyopDetails-config" doc:name="APIkit Console"/>
    </flow>
    <flow name="get:/getprivacyDetails:privacyopDetails-config">
        <set-variable variableName="getVar" value="#[message.inboundProperties.'http.query.params'.userRef]" doc:name="getVar"/>
        <flow-ref name="getValidationPrivacyopDetailsFlow" doc:name="getValidationPrivacyopDetailsFlow"/>
        <choice doc:name="Choice">
            <when expression="sessionVars.getChoice!=null">
                <logger message="#[payload]" level="INFO" doc:name="Logger"/>
            </when>
            <otherwise >
                <http:request config-ref="HTTP_Request_Configuration" path="/{userRef}" method="GET" doc:name="elasticSearchHTTP">
                    <http:request-builder>
                        <http:uri-param paramName="userRef" value="#[flowVars.getVar]"/>
                    </http:request-builder>
                </http:request>
                <json:json-to-object-transformer returnClass="java.lang.Object" doc:name="JSON to Object"/>
                <set-variable variableName="sourceVar" value="#[payload._source]" doc:name="sourceVar"/>
                <expression-transformer expression="#[{ &quot;guid&quot; :&quot;&quot;,&quot;userRef&quot; : flowVars.getVar,   &quot;responsesFrom&quot; :&quot;elasticsearch&quot;,&quot;geolocation&quot; :&quot; &quot;, &quot;status&quot;:&quot;success&quot;,&quot;statusCode&quot;:&quot;0&quot;, &quot;responsesOn&quot; :server.dateTime.format('MM/dd/yyyy,HH:mm:ss')}]" doc:name="headerExpression"/>
                <set-variable variableName="payloadVar" value="#[payload]" doc:name="payloadVar"/>
                <expression-transformer expression="#[[{'header':flowVars.payloadVar},{'body':flowVars.sourceVar}]]" doc:name="headerBodyExpression"/>
                <json:object-to-json-transformer doc:name="Object to JSON"/>
            </otherwise>
        </choice>
    </flow>
    <flow name="getValidationPrivacyopDetailsFlow">
        <validation:all config-ref="Validation_Configuration"   doc:name="Validation">
            <validation:validations>
                 <validation:is-not-empty value="#[message.inboundProperties.'http.query.params'.geoLocation]" message="{&quot;message&quot;:&quot;geoLocation is required&quot;}"/>
                <validation:is-not-empty value="#[message.inboundProperties.'http.query.params'.guid]" message="{&quot;message&quot;:&quot;guid is required&quot;}"/>
                <validation:is-not-empty value="#[message.inboundProperties.'http.query.params'.userRef]" message="{&quot;message&quot;:&quot;userRef is required&quot;}"/>
            </validation:validations>
        </validation:all>
        <catch-exception-strategy doc:name="Catch Exception Strategy">
            <set-property propertyName="http.status" value="400" doc:name="Property"/>
            <set-payload value="#['error:'+exception]" doc:name="Set Payload"/>
            <set-session-variable variableName="getChoice" value="#[payload]" doc:name="getChoiceSessionVariable"/>
        </catch-exception-strategy>
    </flow>
    <flow name="post:/privacysettings:privacyopDetails-config">
        <json:json-to-object-transformer returnClass="java.lang.Object" doc:name="JSON to Object"/>
        <flow-ref name="postValidationPrivacyopDetailsFlow" doc:name="postValidationPrivacyopDetailsFlow"/>
        <logger message="#[payload]" level="INFO" doc:name="Logger"/>
        <choice doc:name="Choice">
            <when expression="sessionVars.choiceVar!=null">
                <logger message="#[payload]" level="INFO" doc:name="Logger"/>
            </when>
            <otherwise>
                <set-variable variableName="headerVar" value="#[payload.header]" doc:name="headerVar"/>
                <set-payload value="#[payload.body]" doc:name=" bodyPayload"/>
                <set-variable variableName="postVar" value="#[payload.userRef]" doc:name="postVar"/>
                <json:object-to-json-transformer doc:name="Object to JSON"/>
                <http:request config-ref="HTTP_Request_Configuration" path="/{userRef}" method="POST" doc:name="elasticSearchHTTP">
                    <http:request-builder>
                        <http:uri-param paramName="userRef" value="#[flowVars.postVar]"/>
                    </http:request-builder>
                </http:request>
                <set-payload value="{  &quot;header&quot;:{    &quot;guid&quot;:&quot;#[flowVars.headerVar.guid]&quot;,    &quot;status&quot;:&quot;success&quot;,                   &quot;statusCode&quot;:&quot;0&quot;,  &quot;responseOn&quot;: &quot;#[server.dateTime.format('MM/dd/yyyy,HH:mm:ss')]&quot;,    &quot;responseFrom&quot; :&quot;elasticsearch&quot;,     &quot;geoLocation&quot;:&quot;#[flowVars.headerVar.geoLocation]&quot;,     &quot;userRef&quot;:&quot;#[flowVars.postVar]&quot;      },    &quot;body&quot;:{         &quot;message&quot; :&quot; Successfully updated&quot;   }}" doc:name="headerPayload"/>
            </otherwise>
        </choice>
    </flow>
    <flow name="postValidationPrivacyopDetailsFlow">
        <validation:all config-ref="Validation_Configuration" doc:name="Validation">
            <validation:validations>
                <validation:is-not-empty value="#[payload.header]" message="{&quot;message&quot;:&quot;header  should not empty&quot;}"/>
                <validation:is-not-empty value="#[payload.header.guid]" message="{&quot;message&quot;:&quot;guid  should not empty&quot;}"/>
                <validation:is-not-empty value="#[payload.header.geoLocation]" message="{&quot;message&quot;:&quot;geoLocation  should not empty&quot;}"/>
                <validation:is-not-empty value="#[payload.header.userRef]" message="{&quot;message&quot;:&quot;userRef  should not empty&quot;}"/>
                <validation:is-not-empty value="#[payload.body]" message="{&quot;message&quot;:&quot;body  should not empty&quot;}"/>
                <validation:is-not-empty value="#[payload.body.fbId]" message="{&quot;message&quot;:&quot;fbId  should not empty&quot;}"/>
                <validation:is-not-empty value="#[payload.body.twitterid]" message="{&quot;message&quot;:&quot;twitterid  should not empty&quot;}"/>
                <validation:is-not-empty value="#[payload.body.linkedinid]" message="{&quot;message&quot;:&quot;linkedinid  should not empty&quot;}"/>
                <validation:is-not-empty value="#[payload.body.mobileNo]" message="{&quot;message&quot;:&quot;mobileNo  should not empty&quot;}"/>
                <validation:is-not-empty value="#[payload.body.homeNo]" message="{&quot;message&quot;:&quot;homeNo  should not empty&quot;}"/>
                <validation:is-not-empty value="#[payload.body.userRef]" message="{&quot;message&quot;:&quot;userRef  should not empty&quot;}"/>
               
            </validation:validations>
        </validation:all>
        <catch-exception-strategy doc:name="Catch Exception Strategy">
            <set-property propertyName="http.status" value="400" doc:name="Property"/>
            <set-payload value="#['error:'+exception]" doc:name="exceptionPayload"/>
            <set-session-variable variableName="choiceVar" value="#[payload]" doc:name="postSessionVariable"/>
        </catch-exception-strategy>
    </flow>
    <apikit:mapping-exception-strategy name="privacyopDetails-apiKitGlobalExceptionMapping">
        <apikit:mapping statusCode="404">
            <apikit:exception value="org.mule.module.apikit.exception.NotFoundException" />
            <set-property propertyName="Content-Type" value="application/json" doc:name="Property"/>
            <set-payload value="{
&quot;status&quot;:&quot;failed&quot;,
&quot;statusCode&quot;:&quot;404&quot;,
&quot;message&quot;: &quot;Resource not found&quot; }" doc:name="Set Payload"/>
        </apikit:mapping>
        <apikit:mapping statusCode="405">
            <apikit:exception value="org.mule.module.apikit.exception.MethodNotAllowedException" />
            <set-property propertyName="Content-Type" value="application/json" doc:name="Property"/>
            <set-payload value="{
&quot;status&quot;:&quot;failed&quot;,
&quot;statusCode&quot;:&quot;405&quot;,
&quot;message&quot;: &quot;Method not allowed&quot; }" doc:name="Set Payload"/>
        </apikit:mapping>
        <apikit:mapping statusCode="415">
            <apikit:exception value="org.mule.module.apikit.exception.UnsupportedMediaTypeException" />
            <set-property propertyName="Content-Type" value="application/json" doc:name="Property"/>
            <set-payload value="
{
&quot;status&quot;:&quot;failed&quot;,
&quot;statusCode&quot;:&quot;415&quot;,
 &quot;message&quot;: &quot;Unsupported media type&quot; 
 }" doc:name="Set Payload"/>
        </apikit:mapping>
        <apikit:mapping statusCode="406">
            <apikit:exception value="org.mule.module.apikit.exception.NotAcceptableException" />
            <set-property propertyName="Content-Type" value="application/json" doc:name="Property"/>
            <set-payload value="{ 
&quot;status&quot;:&quot;failed&quot;,
&quot;statusCode&quot;:&quot;406&quot;,

&quot;message&quot;: &quot;Not acceptable&quot; }" doc:name="Set Payload"/>
        </apikit:mapping>
        <apikit:mapping statusCode="400">
            <apikit:exception value="org.mule.module.apikit.exception.BadRequestException" />
            <set-property propertyName="Content-Type" value="application/json" doc:name="Property"/>
            <set-payload value="{
&quot;status&quot;:&quot;failed&quot;,
&quot;statusCode&quot;:&quot;400&quot;,
&quot;message&quot;: &quot;Bad request&quot; }" doc:name="Set Payload"/>
        </apikit:mapping>
    </apikit:mapping-exception-strategy>
</mule>
