<?xml version="1.0" encoding="UTF-8"?>
<mule xmlns:validation="http://www.mulesoft.org/schema/mule/validation" xmlns:json="http://www.mulesoft.org/schema/mule/json"
	xmlns:doc="http://www.mulesoft.org/schema/mule/documentation" xmlns="http://www.mulesoft.org/schema/mule/core" xmlns:apikit="http://www.mulesoft.org/schema/mule/apikit" xmlns:http="http://www.mulesoft.org/schema/mule/http" xmlns:spring="http://www.springframework.org/schema/beans" xmlns:xsi="http://www.w3.org/2001/XMLSchema-instance" xsi:schemaLocation="http://www.mulesoft.org/schema/mule/json http://www.mulesoft.org/schema/mule/json/current/mule-json.xsd
http://www.mulesoft.org/schema/mule/core http://www.mulesoft.org/schema/mule/core/current/mule.xsd
http://www.mulesoft.org/schema/mule/http http://www.mulesoft.org/schema/mule/http/current/mule-http.xsd
http://www.mulesoft.org/schema/mule/apikit http://www.mulesoft.org/schema/mule/apikit/current/mule-apikit.xsd
http://www.springframework.org/schema/beans http://www.springframework.org/schema/beans/spring-beans-3.1.xsd
http://www.mulesoft.org/schema/mule/validation http://www.mulesoft.org/schema/mule/validation/current/mule-validation.xsd">
    <http:listener-config name="api-httpListenerConfig" host="0.0.0.0" port="3052" doc:name="HTTP Listener Configuration"/>
    <apikit:config name="api-config" raml="api.raml" consoleEnabled="false" doc:name="Router"/>
    <http:request-config name="HTTP_Request_Configuration" host="192.168.0.116" port="9200" basePath="anzuser" doc:name="HTTP Request Configuration"/>
    <validation:config name="Validation_Configuration" doc:name="Validation Configuration"/>
    <http:request-config name="HTTP_Request_Configuration1" host="192.168.0.116" port="9200" basePath="anzuser/userFavourite" doc:name="HTTP Request Configuration"/>
    <flow name="api-main">
        <http:listener config-ref="api-httpListenerConfig" path="/api/*" doc:name="HTTP"/>
        <apikit:router config-ref="api-config" doc:name="APIkit Router"/>
        <exception-strategy ref="api-apiKitGlobalExceptionMapping" doc:name="Reference Exception Strategy"/>
    </flow>
    <flow name="api-console">
        <http:listener config-ref="api-httpListenerConfig" path="/console/*" doc:name="HTTP"/>
        <apikit:console config-ref="api-config" doc:name="APIkit Console"/>
    </flow>
    <flow name="post:/likemeprofiles:api-config">
        <json:json-to-object-transformer returnClass="java.lang.Object" doc:name="JSON to Object"/>
      <set-variable variableName="mainUserRef" value="#[payload.body.userRef]" doc:name="mainUserRef"/>
        <set-session-variable variableName="privacyUserVar" value="#[payload.body.searchUserRef]" doc:name="privacyUserVar"/>
        <set-session-variable variableName="searchID" value="#[payload.body.searchUserRef]" doc:name="searchID"/>
        <flow-ref name="getprivacydetailsValidationFlow" doc:name="getprivacydetailsValidationFlow"/>
        <logger message="#[payload]" level="INFO" doc:name="Logger"/>
        <choice doc:name="Choice">
            <when expression="sessionVars.validationVar!=null">
                <logger message="#[payload]" level="INFO" doc:name="Logger"/>
            </when>
            <otherwise>
                <logger level="INFO" doc:name="from"/>
                <http:request config-ref="HTTP_Request_Configuration" path="/userInfo/{userRef}" method="GET" doc:name="HTTP">
                    <http:request-builder>
                        <http:uri-param paramName="userRef" value="#[sessionVars.privacyUserVar]"/>

                    </http:request-builder>
                </http:request>
                <json:json-to-object-transformer returnClass="java.lang.Object" doc:name="JSON to Object"/>
                <set-variable variableName="userProfile" value="#[payload._source]" doc:name="userProfile"/>
                <http:request config-ref="HTTP_Request_Configuration" path="/userLike/{userRef}" method="GET" doc:name="GETmainuserHTTP">
                    <http:request-builder>
                        <http:uri-param paramName="userRef" value="#[flowVars.mainUserRef]"/>

                    </http:request-builder>
                </http:request>
                <json:json-to-object-transformer returnClass="java.lang.Object" doc:name="JSON to Object"/>
                <set-variable variableName="vistorsexitVariable" value="false" doc:name="vistorsexitVariable"/>
                <set-variable variableName="var_push_data1" value="#[payload._source]" doc:name="Variable"/>
                <foreach collection="#[flowVars.var_push_data1.likeData]" doc:name="For Each">
                    <set-variable variableName="var_check1" value="#[payload.userRef.equals(sessionVars.privacyUserVar)]" doc:name="Variable"/>
                    <choice doc:name="Choice">
                        <when expression="#[flowVars.var_check1==true]">
                            <set-variable variableName="var_remove1" value="#[flowVars.var_push_data1.likeData.remove(counter-1)]" doc:name="Variable"/>
                            <set-payload value="   {     &quot;userRef&quot;: &quot;#[sessionVars.privacyUserVar]&quot;,     &quot;profileCompleteness&quot;: &quot;#[flowVars.userProfile.profileCompleteness]&quot;, &quot;DateAndTime&quot;: &quot; #[server.dateTime.format('MM/dd/yyyy,HH:mm:ss')]&quot;,&quot;firstName&quot;:&quot;#[flowVars.userProfile.firstName]&quot;,&quot;age&quot;:&quot;#[flowVars.userProfile.age]&quot;,&quot;lastName&quot;:&quot;#[flowVars.userProfile.lastName]&quot;,&quot;height&quot;:&quot;#[flowVars.userProfile.height]&quot;    }" doc:name="Set Payload"/>
                            <json:json-to-object-transformer returnClass="java.lang.Object" doc:name="JSON to Object"/>
                            <set-variable variableName="var1" value="#[flowVars.var_push_data1.likeData.add(payload)]" doc:name="Variable"/>
                            <set-variable variableName="vistorsexitVariable" value="true" doc:name="vistorsexitVariable"/>
                        </when>
                        <otherwise>
                            <logger level="INFO" doc:name="Logger"/>
                        </otherwise>
                    </choice>
                </foreach>
                <choice doc:name="Choice">
                    <when expression="flowVars.vistorsexitVariable != true">
                        <set-payload value="   {     &quot;userRef&quot;: &quot;#[sessionVars.privacyUserVar]&quot;,     &quot;profileCompleteness&quot;: &quot;#[flowVars.userProfile.profileCompleteness]&quot;, &quot;DateAndTime&quot;: &quot; #[server.dateTime.format('MM/dd/yyyy,HH:mm:ss')]&quot;,&quot;firstName&quot;:&quot;#[flowVars.userProfile.firstName]&quot;,&quot;age&quot;:&quot;#[flowVars.userProfile.age]&quot;,&quot;lastName&quot;:&quot;#[flowVars.userProfile.lastName]&quot;,&quot;height&quot;:&quot;#[flowVars.userProfile.height]&quot;    }" doc:name="Set Payload"/>
                        <json:json-to-object-transformer returnClass="java.lang.Object" doc:name="JSON to Object"/>
                        <set-variable variableName="var1" value="#[flowVars.var_push_data1.likeData.add(payload)]" doc:name="Variable"/>
                    </when>
                    <otherwise>
                        <logger level="INFO" doc:name="Logger"/>
                    </otherwise>
                </choice>
                <set-payload value="#[flowVars.var_push_data1]" doc:name="addSet Payload"/>
                <json:object-to-json-transformer doc:name="Object to JSON"/>
                <http:request config-ref="HTTP_Request_Configuration" path="/userLike/{userRef}" method="POST" doc:name="postmainuserRefHTTP">
                    <http:request-builder>
                        <http:uri-param paramName="userRef" value="#[flowVars.mainUserRef]"/>

                    </http:request-builder>
                </http:request>

                <logger level="INFO" doc:name="end"/>
                 
                  <logger level="INFO" doc:name="from"/>
                <http:request config-ref="HTTP_Request_Configuration" path="/userInfo/{userRef}" method="GET" doc:name="HTTP">
                    <http:request-builder>
                        <http:uri-param paramName="userRef" value="#[flowVars.mainUserRef]"/>

                    </http:request-builder>
                </http:request>
                <json:json-to-object-transformer returnClass="java.lang.Object" doc:name="JSON to Object"/>
                <set-variable variableName="userProfile1" value="#[payload._source]" doc:name="userProfile1"/>
                <http:request config-ref="HTTP_Request_Configuration1" path="/{userRef}" method="GET" doc:name="GETmainuserHTTP">
                    <http:request-builder>
                        <http:uri-param paramName="userRef" value="#[sessionVars.privacyUserVar]"/>


                    </http:request-builder>
                </http:request>
                <json:json-to-object-transformer returnClass="java.lang.Object" doc:name="JSON to Object"/>
                <set-variable variableName="favouriteexitVariable" value="false" doc:name="favouriteexitVariable"/>
                <set-variable variableName="var_push_data" value="#[payload._source]" doc:name="Variable"/>
                <foreach collection="#[flowVars.var_push_data.favouriteData]" doc:name="For Each">
                    <set-variable variableName="var_check" value="#[payload.userRef.equals(flowVars.mainUserRef)]" doc:name="Variable"/>
                    <choice doc:name="Choice">
                        <when expression="#[flowVars.var_check==true]">
                            <set-variable variableName="var_remove" value="#[flowVars.var_push_data.favouriteData.remove(counter-1)]" doc:name="Variable"/>
                            <set-payload value="   {     &quot;userRef&quot;: &quot;#[flowVars.mainUserRef]&quot;,     &quot;profileCompleteness&quot;: &quot;#[flowVars.userProfile1.profileCompleteness]&quot;,&quot;notificationId&quot;:&quot;#[server.dateTime.format('MM/dd/yyyy,HH:mm:ss')]&quot;, &quot;DateAndTime&quot;: &quot;#[server.dateTime.format('MM/dd/yyyy,HH:mm:ss')]&quot;,&quot;firstName&quot;:&quot;#[flowVars.userProfile1.firstName]&quot;,&quot;age&quot;:&quot;#[flowVars.userProfile1.age]&quot;,&quot;lastName&quot;:&quot;#[flowVars.userProfile1.lastName]&quot;,&quot;height&quot;:&quot;#[flowVars.userProfile1.height]&quot;    }" doc:name="Set Payload"/>
                            <json:json-to-object-transformer returnClass="java.lang.Object" doc:name="JSON to Object"/>
                            <set-variable variableName="var" value="#[flowVars.var_push_data.favouriteData.add(payload)]" doc:name="Variable"/>
                            <set-variable variableName="favouriteexitVariable" value="true" doc:name="favouriteexitVariable"/>
                        </when>
                        <otherwise>
                            <logger level="INFO" doc:name="Logger"/>
                        </otherwise>
                    </choice>
                </foreach>
                <choice doc:name="Choice">
                    <when expression="flowVars.favouriteexitVariable != true">
                        <set-payload value="   {     &quot;userRef&quot;: &quot;#[flowVars.mainUserRef]&quot;,     &quot;profileCompleteness&quot;: &quot;#[flowVars.userProfile1.profileCompleteness]&quot;,&quot;notificationId&quot;:&quot;#[server.dateTime.format('MM/dd/yyyy,HH:mm:ss')]&quot;, &quot;DateAndTime&quot;: &quot; #[server.dateTime.format('MM/dd/yyyy,HH:mm:ss')]&quot;,&quot;firstName&quot;:&quot;#[flowVars.userProfile1.firstName]&quot;,&quot;age&quot;:&quot;#[flowVars.userProfile1.age]&quot;,&quot;lastName&quot;:&quot;#[flowVars.userProfile1.lastName]&quot;,&quot;height&quot;:&quot;#[flowVars.userProfile1.height]&quot;    }" doc:name="Set Payload"/>
                        <json:json-to-object-transformer returnClass="java.lang.Object" doc:name="JSON to Object"/>
                        <set-variable variableName="var" value="#[flowVars.var_push_data.favouriteData.add(payload)]" doc:name="Variable"/>
                    </when>
                    <otherwise>
                        <logger level="INFO" doc:name="Logger"/>
                    </otherwise>
                </choice>
                <set-payload value="#[flowVars.var_push_data]" doc:name="addSet Payload"/>
                <json:object-to-json-transformer doc:name="Object to JSON"/>
                <http:request config-ref="HTTP_Request_Configuration1" path="/{userRef}" method="POST" doc:name="postmainuserRefHTTP">
                    <http:request-builder>
                        <http:uri-param paramName="userRef" value="#[sessionVars.privacyUserVar]"/>


                    </http:request-builder>
                </http:request>
                <set-payload value="{
              &quot;header&quot;:{
                &quot;guid&quot;:&quot;&quot;,
                &quot;responseOn&quot;:&quot;&quot;,
                &quot;responseFrom&quot; :&quot;&quot;,
                &quot;userRef&quot; : &quot;&quot;,
                &quot;geoLocation&quot;:&quot;&quot;,
                &quot;status&quot;:&quot;success&quot;,
                &quot;statuscode&quot;:&quot;0&quot;
                  },
                &quot;body&quot;:{
                      &quot;message&quot;:&quot;likeddata added successfully&quot;
                        }}" doc:name="Set Payload"/>
                <logger level="INFO" doc:name="end"/>
                
            </otherwise>
        </choice>
       
    </flow>
    <flow name="getprivacydetailsValidationFlow">
        <validation:all config-ref="Validation_Configuration" doc:name="Validation">
            <validation:validations>
                <validation:is-not-empty value="#[payload.body]" message="{&quot;message&quot;:&quot;body required&quot;}"/>
            </validation:validations>
        </validation:all>
        <catch-exception-strategy doc:name="Catch Exception Strategy">
            <set-property propertyName="http.status" value="400" doc:name="Property"/>
            <set-payload value="#['error:'+exception]" doc:name="Set Payload"/>
            <set-session-variable variableName="validationVar" value="#[payload]" doc:name="validationVar"/>
        </catch-exception-strategy>
    </flow>
    <apikit:mapping-exception-strategy name="api-apiKitGlobalExceptionMapping">
        <apikit:mapping statusCode="404">
            <apikit:exception value="org.mule.module.apikit.exception.NotFoundException" />
            <set-property propertyName="Content-Type" value="application/json" doc:name="Property"/>
            <set-payload value="{ &quot;message&quot;: &quot;Resource not found&quot; }" doc:name="Set Payload"/>
        </apikit:mapping>
        <apikit:mapping statusCode="405">
            <apikit:exception value="org.mule.module.apikit.exception.MethodNotAllowedException" />
            <set-property propertyName="Content-Type" value="application/json" doc:name="Property"/>
            <set-payload value="{ &quot;message&quot;: &quot;Method not allowed&quot; }" doc:name="Set Payload"/>
        </apikit:mapping>
        <apikit:mapping statusCode="415">
            <apikit:exception value="org.mule.module.apikit.exception.UnsupportedMediaTypeException" />
            <set-property propertyName="Content-Type" value="application/json" doc:name="Property"/>
            <set-payload value="{ &quot;message&quot;: &quot;Unsupported media type&quot; }" doc:name="Set Payload"/>
        </apikit:mapping>
        <apikit:mapping statusCode="406">
            <apikit:exception value="org.mule.module.apikit.exception.NotAcceptableException" />
            <set-property propertyName="Content-Type" value="application/json" doc:name="Property"/>
            <set-payload value="{ &quot;message&quot;: &quot;Not acceptable&quot; }" doc:name="Set Payload"/>
        </apikit:mapping>
        <apikit:mapping statusCode="400">
            <apikit:exception value="org.mule.module.apikit.exception.BadRequestException" />
            <set-property propertyName="Content-Type" value="application/json" doc:name="Property"/>
            <set-payload value="{ &quot;message&quot;: &quot;Bad request&quot; }" doc:name="Set Payload"/>
        </apikit:mapping>
    </apikit:mapping-exception-strategy>
</mule>
