<?xml version="1.0" encoding="UTF-8"?>
<mule xmlns:validation="http://www.mulesoft.org/schema/mule/validation" xmlns:tracking="http://www.mulesoft.org/schema/mule/ee/tracking" xmlns:context="http://www.springframework.org/schema/context" xmlns:json="http://www.mulesoft.org/schema/mule/json"
	xmlns:doc="http://www.mulesoft.org/schema/mule/documentation" xmlns="http://www.mulesoft.org/schema/mule/core" xmlns:apikit="http://www.mulesoft.org/schema/mule/apikit" xmlns:http="http://www.mulesoft.org/schema/mule/http" xmlns:spring="http://www.springframework.org/schema/beans" xmlns:xsi="http://www.w3.org/2001/XMLSchema-instance" xsi:schemaLocation="http://www.mulesoft.org/schema/mule/json http://www.mulesoft.org/schema/mule/json/current/mule-json.xsd
http://www.mulesoft.org/schema/mule/core http://www.mulesoft.org/schema/mule/core/current/mule.xsd
http://www.mulesoft.org/schema/mule/http http://www.mulesoft.org/schema/mule/http/current/mule-http.xsd
http://www.mulesoft.org/schema/mule/apikit http://www.mulesoft.org/schema/mule/apikit/current/mule-apikit.xsd
http://www.springframework.org/schema/beans http://www.springframework.org/schema/beans/spring-beans-3.1.xsd
http://www.springframework.org/schema/context http://www.springframework.org/schema/context/spring-context-current.xsd
http://www.mulesoft.org/schema/mule/validation http://www.mulesoft.org/schema/mule/validation/current/mule-validation.xsd
http://www.mulesoft.org/schema/mule/ee/tracking http://www.mulesoft.org/schema/mule/ee/tracking/current/mule-tracking-ee.xsd">
    <http:listener-config name="getprivacydetails-httpListenerConfig" host="0.0.0.0" port="3008" doc:name="HTTP Listener Configuration"/>
    <apikit:config name="getprivacydetails-config" raml="getprivacydetails.raml" consoleEnabled="false" doc:name="Router" disableValidations="true" />
    <http:request-config name="HTTP_Request_Configuration" host="${elk.host}" port="${elk.port}" basePath="${elk.BasePath}" doc:name="HTTP Request Configuration"/>
    <context:property-placeholder location="getprivacyuserDetails-ANZ.properties"/>
    <validation:config name="Validation_Configuration" doc:name="Validation Configuration"/>
    <http:request-config name="HTTP_Request_Configuration1" host="${elk.host}" port="${elk.port}" basePath="anz_user" doc:name="HTTP Request Configuration"/>
    <flow name="getprivacydetails-main">
        <http:listener config-ref="getprivacydetails-httpListenerConfig" path="/api/*" doc:name="HTTP">
            <http:response-builder>
                <http:header headerName="Access-Control-Allow-Origin" value="*"/>
            </http:response-builder>
        </http:listener>
        <apikit:router config-ref="getprivacydetails-config" doc:name="APIkit Router"/>
        <exception-strategy ref="getprivacydetails-apiKitGlobalExceptionMapping" doc:name="Reference Exception Strategy"/>
    </flow>
    <flow name="getprivacydetails-console">
        <http:listener config-ref="getprivacydetails-httpListenerConfig" path="/console/*" doc:name="HTTP"/>
        <apikit:console config-ref="getprivacydetails-config" doc:name="APIkit Console"/>
    </flow>
    <flow name="get:/getprivacyinfo:getprivacydetails-config">
        <set-variable variableName="mainUserRef" value="#[message.inboundProperties.'http.query.params'.userRef]" doc:name="mainUserRef"/>
        <set-session-variable variableName="privacyUserVar" value="#[message.inboundProperties.'http.query.params'.searchUserRef]" doc:name="privacyUserVar"/>
        <set-session-variable variableName="searchID" value="#[message.inboundProperties.'http.query.params'.searchUserRef]" doc:name="searchID"/>
        <flow-ref name="getprivacydetailsValidationFlow" doc:name="getprivacydetailsValidationFlow"/>
        <logger message="#[payload]" level="INFO" doc:name="Logger"/>
        <choice doc:name="Choice">
            <when expression="sessionVars.validationVar!=null">
                <logger message="#[payload]" level="INFO" doc:name="Logger"/>
            </when>
            <otherwise>
                <http:request config-ref="HTTP_Request_Configuration" path="/userInfo/{userRef}" method="GET" doc:name="userProfileHTTP">
                    <http:request-builder>
                        <http:uri-param paramName="userRef" value="#[sessionVars.searchID]"/>
                    </http:request-builder>
                </http:request>
                <json:json-to-object-transformer returnClass="java.lang.Object" doc:name="JSON to Object"/>
                <set-variable variableName="userProfile" value="#[payload._source]" doc:name="userProfile"/>
                <http:request config-ref="HTTP_Request_Configuration1" path="/privacySettings/{userRef}" method="GET" doc:name="privacySettingsHTTP">
                    <http:request-builder>
                        <http:uri-param paramName="userRef" value="#[sessionVars.privacyUserVar]"/>
                    </http:request-builder>
                </http:request>
                <json:json-to-object-transformer returnClass="java.util.HashMap" doc:name="JSON to Object"/>
                <set-variable variableName="body" value="#[payload._source]" doc:name="privacySourceVar"/>
                <expression-transformer mimeType="application/json" expression="#[{&quot;body&quot;:flowVars.body}]" doc:name="sourceExpression"/>
                <set-variable variableName="oldpayload" value="#[payload]" doc:name="oldPayloadVariable"/>
                <set-payload value=" { 
  
  &quot;mobileNo&quot;: #[(payload.body.mobileNo.options.contains('accepted'))&amp;&amp;payload.body.mobileNo.userRef.contains(flowVars.mainUserRef)||(payload.body.mobileNo.options.contains('all')):true],  
  &quot;homeNo&quot;: #[(payload.body.homeNo.options.contains('accepted')) &amp;&amp;  payload.body.homeNo.userRef.contains(flowVars.mainUserRef)||(payload.body.homeNo.options.contains('all')):true], 
  &quot;linkedinid&quot;: #[(payload.body.linkedinid.options.contains('accepted')) &amp;&amp; payload.body.linkedinid.userRef.contains(flowVars.mainUserRef)||(payload.body.linkedinid.options.contains('all')):true] ,   
  &quot;twitterid&quot;:#[(payload.body.twitterid.options.contains('accepted')) &amp;&amp; payload.body.twitterid.userRef.contains(flowVars.mainUserRef)||(payload.body.twitterid.options.contains('all')):true] ,
  &quot;fbId&quot;: #[(payload.body.fbId.options.contains('accepted')) &amp;&amp;  payload.body.fbId.userRef.contains(flowVars.mainUserRef)||(payload.body.fbId.options.contains('all')):true] 
  
  
  
  }     " doc:name="privacyPayload"/>
                <json:json-to-object-transformer returnClass="java.lang.Object" doc:name="JSON to Object"/>
                <set-session-variable variableName="filterVar" value="#[payload]" doc:name="filterVar"/>
                <set-payload value="#[flowVars.oldpayload]" doc:name="oldPayload"/>
                <logger message="#[payload]" level="INFO" doc:name="Logger"/>
                <set-payload value="{  &quot;userRef&quot;: &quot;#[ sessionVars.searchID]&quot;,     &quot;hobbies&quot;:&quot;#[flowVars.userProfile.hobbies]&quot; ,    &quot;interests&quot;:&quot;#[flowVars.userProfile.interests]&quot; ,     &quot;favouriteMovies&quot;:&quot;#[flowVars.userProfile.favouriteMovies]&quot; ,    &quot;favouriteMusic&quot;:&quot;#[flowVars.userProfile.favouriteMusic]&quot; ,    &quot;favouriteBooks&quot;:&quot;#[flowVars.userProfile.favouriteBooks]&quot; ,    &quot;favouriteSports&quot;:&quot;#[flowVars.userProfile.favouriteSports]&quot; ,     &quot;emailId&quot;: &quot;#[ flowVars.userProfile.emailId]&quot;,    &quot;dob&quot;:&quot;#[flowVars.userProfile.dob]&quot;,   &quot;skinTone&quot; :&quot;#[flowVars.userProfile.skinTone]&quot;,    &quot;firstName&quot;: &quot;#[ flowVars.userProfile.firstName]&quot;,   &quot;lastName&quot;: &quot;#[ flowVars.userProfile.lastName]&quot;,     &quot;gender&quot;: &quot;#[ flowVars.userProfile.gender]&quot;,     &quot;age&quot;: &quot;#[ flowVars.userProfile.age]&quot;,    &quot;height&quot;: &quot;#[ flowVars.userProfile.height]&quot;,    &quot;weight&quot;: &quot;#[ flowVars.userProfile.weight]&quot;,      &quot;bodyType&quot;: &quot;#[ flowVars.userProfile.bodyType]&quot;,    &quot;diet&quot;: &quot;#[ flowVars.userProfile.diet]&quot;,     &quot;drink&quot;: &quot;#[ flowVars.userProfile.drink]&quot;,    &quot;smoke&quot;: &quot;#[ flowVars.userProfile.smoke]&quot;,     &quot;maritalStatus&quot;: &quot;#[ flowVars.userProfile.maritalStatus]&quot;,     &quot;religion&quot;: &quot;#[ flowVars.userProfile.religion]&quot;,    &quot;community&quot;: &quot;#[ flowVars.userProfile.community]&quot;,     &quot;subCommunity&quot;: &quot;#[ flowVars.userProfile.subCommunity]&quot;,    &quot;fbId&quot;: &quot;#[(sessionVars.filterVar.fbId) ? flowVars.userProfile.facebookId : 'Request']&quot;,     &quot;twitterId&quot;: &quot;#[(sessionVars.filterVar.twitterid) ? flowVars.userProfile.twitterId : 'Request']&quot;,      &quot;linkedinId&quot;: &quot;#[ (sessionVars.filterVar.linkedinid) ? flowVars.userProfile.linkedinId : 'Request']&quot;,     &quot;homePhone&quot;: &quot;#[ (sessionVars.filterVar.homeNo) ? flowVars.userProfile.homePhone : 'Request']&quot;,    &quot;mobilePhone&quot;: &quot;#[ (sessionVars.filterVar.mobileNo) ? flowVars.userProfile.mobileNumber : 'Request']&quot;,    &quot;motherTongue&quot;: &quot;#[ flowVars.userProfile.motherTounge]&quot;,     &quot;educationLevel&quot;: &quot;#[ flowVars.userProfile.highestEducation]&quot;,      &quot;workingOrganization&quot;: &quot;#[ flowVars.userProfile.workingWith]&quot;,      &quot;workingAs&quot;:&quot;#[flowVars.userProfile.workingAs]&quot;  ,      &quot;country&quot;: &quot;#[ flowVars.userProfile.country]&quot;,    &quot;state&quot;: &quot;#[ flowVars.userProfile.state]&quot;,     &quot;city&quot;: &quot;#[ flowVars.userProfile.city]&quot;      }" doc:name="user Payload"/>
                <json:json-to-object-transformer returnClass="java.lang.Object" doc:name="JSON to Object"/>
                <set-variable variableName="userVar" value="#[payload]" mimeType="application/json" doc:name="userVar"/>
                <expression-transformer expression="#[{ &quot;guid&quot; :&quot; &quot;,&quot;userRef&quot; : sessionVars.searchID,   &quot;responsesFrom&quot; :&quot;elasticsearch&quot;,&quot;geolocation&quot; :&quot; &quot;, &quot;status&quot;:&quot;success&quot;,&quot;statusCode&quot;:&quot;0&quot;, &quot;responsesOn&quot; :server.dateTime.format('MM/dd/yyyy,HH:mm:ss')}]" doc:name="headerExpression"/>
                <set-variable variableName="headerVar" value="#[payload]" doc:name="headerVar"/>
                <expression-transformer expression="#[[{'header':flowVars.headerVar},{'body':flowVars.userVar}]]" doc:name="Expression"/>
                <set-variable variableName="payloadData" value="#[payload]" doc:name="payloadDataVar"/>
                <logger level="INFO" doc:name="from"/>
                <http:request config-ref="HTTP_Request_Configuration" path="/userFeed/{userRef}" method="GET" doc:name="GETmainuserHTTP">
                    <http:request-builder>
                        <http:uri-param paramName="userRef" value="#[flowVars.mainUserRef]"/>
                    </http:request-builder>
                </http:request>
                <json:json-to-object-transformer returnClass="java.lang.Object" doc:name="JSON to Object"/>
                <set-variable variableName="variableExists" value="false" doc:name="VariableExists"/>
                <set-variable variableName="var_push_data" value="#[payload._source]" doc:name="Variable"/>
                <foreach collection="#[flowVars.var_push_data.searchData]" doc:name="For Each">
                    <set-variable variableName="var_check" value="#[payload.userRef.equals(sessionVars.searchID)]" doc:name="Variable"/>
                    <choice doc:name="Choice">
                        <when expression="#[flowVars.var_check==true]">
                            <set-variable variableName="var_remove" value="#[flowVars.var_push_data.searchData.remove(counter-1)]" doc:name="Variable"/>
                            <set-payload value="   {     &quot;userRef&quot;: &quot;#[sessionVars.searchID]&quot;,     &quot;DateAndTime&quot;: &quot; #[flowVars.headerVar.responsesOn]&quot; ,&quot;firstName&quot;:&quot;#[flowVars.userProfile.firstName]&quot;,  &quot;profileCompleteness&quot;: &quot;#[flowVars.userProfile.profileCompleteness]&quot;,&quot;lastName&quot;:&quot;#[flowVars.userProfile.lastName]&quot; , &quot;height&quot;:&quot;#[flowVars.userProfile.height]&quot;, &quot;age&quot;:&quot;#[flowVars.userProfile.age]&quot;  }" doc:name="Set Payload111"/>
                            <json:json-to-object-transformer returnClass="java.lang.Object" doc:name="JSON to Object"/>
                            <set-variable variableName="var" value="#[flowVars.var_push_data.searchData.add(payload)]" doc:name="Variable"/>
                            <set-variable variableName="VariableExists" value="true" doc:name="VariableExists"/>
                        </when>
                        <otherwise>
                            <logger level="INFO" doc:name="Logger"/>
                        </otherwise>
                    </choice>
                </foreach>
                <choice doc:name="Choice">
                    <when expression="flowVars.variableExists != true">
                        <set-payload value="   {     &quot;userRef&quot;: &quot;#[sessionVars.searchID]&quot;,    &quot;profileCompleteness&quot;: &quot;#[flowVars.userProfile.profileCompleteness]&quot;,  &quot;DateAndTime&quot;: &quot; #[flowVars.headerVar.responsesOn]&quot; ,&quot;firstName&quot;:&quot;#[flowVars.userProfile.firstName]&quot;, &quot;lastName&quot;:&quot;#[flowVars.userProfile.lastName]&quot; , &quot;height&quot;:&quot;#[flowVars.userProfile.height]&quot;, &quot;age&quot;:&quot;#[flowVars.userProfile.age]&quot;  }" doc:name="Set Payload111"/>
                        <json:json-to-object-transformer returnClass="java.lang.Object" doc:name="JSON to Object"/>
                        <set-variable variableName="var" value="#[flowVars.var_push_data.searchData.add(payload)]" doc:name="Variable"/>
                    </when>
                    <otherwise>
                        <logger level="INFO" doc:name="Logger"/>
                    </otherwise>
                </choice>
                <set-payload value="#[flowVars.var_push_data]" doc:name="addSet Payload"/>
                <json:object-to-json-transformer doc:name="Object to JSON"/>
                <http:request config-ref="HTTP_Request_Configuration" path="/userFeed/{userRef}" method="POST" doc:name="postmainuserRefHTTP">
                    <http:request-builder>
                        <http:uri-param paramName="userRef" value="#[flowVars.mainUserRef]"/>
                    </http:request-builder>
                </http:request>
                <logger level="INFO" doc:name="end"/>
                <logger level="INFO" doc:name="from"/>
                <http:request config-ref="HTTP_Request_Configuration" path="/userInfo/{userRef}" method="GET" doc:name="HTTP">
                    <http:request-builder>
                        <http:uri-param paramName="userRef" value="#[flowVars.mainUserRef]"/>
                    </http:request-builder>
                </http:request>
                <json:json-to-object-transformer returnClass="java.lang.Object" doc:name="JSON to Object"/>
                <set-variable variableName="userVisitor" value="#[payload._source]" doc:name="userVisitor"/>
                <http:request config-ref="HTTP_Request_Configuration" path="/userVisitors/{userRef}" method="GET" doc:name="GETmainuserHTTP">
                    <http:request-builder>
                        <http:uri-param paramName="userRef" value="#[sessionVars.searchID]"/>
                    </http:request-builder>
                </http:request>
                <json:json-to-object-transformer returnClass="java.lang.Object" doc:name="JSON to Object"/>
                <set-variable variableName="vistorsexitVariable" value="false" doc:name="vistorsexitVariable"/>
                <set-variable variableName="var_push_data1" value="#[payload._source]" doc:name="Variable"/>
                <foreach collection="#[flowVars.var_push_data1.visitorsData]" doc:name="For Each">
                    <set-variable variableName="var_check1" value="#[payload.userRef.equals(flowVars.mainUserRef)]" doc:name="Variable"/>
                    <choice doc:name="Choice">
                        <when expression="#[flowVars.var_check1==true]">
                            <set-variable variableName="var_remove1" value="#[flowVars.var_push_data1.visitorsData.remove(counter-1)]" doc:name="Variable"/>
                            <set-payload value="   {     &quot;userRef&quot;: &quot;#[flowVars.mainUserRef]&quot;,     &quot;profileCompleteness&quot;: &quot;#[flowVars.userProfile.profileCompleteness]&quot;, &quot;DateAndTime&quot;: &quot; #[flowVars.headerVar.responsesOn]&quot;,&quot;firstName&quot;:&quot;#[flowVars.userVisitor.firstName]&quot;,&quot;age&quot;:&quot;#[flowVars.userVisitor.age]&quot;,&quot;lastName&quot;:&quot;#[flowVars.userVisitor.lastName]&quot;,&quot;height&quot;:&quot;#[flowVars.userVisitor.height]&quot;    }" doc:name="Set Payload"/>
                            <json:json-to-object-transformer returnClass="java.lang.Object" doc:name="JSON to Object"/>
                            <set-variable variableName="var1" value="#[flowVars.var_push_data1.visitorsData.add(payload)]" doc:name="Variable"/>
                            <set-variable variableName="vistorsexitVariable" value="true" doc:name="vistorsexitVariable"/>
                        </when>
                        <otherwise>
                            <logger level="INFO" doc:name="Logger"/>
                        </otherwise>
                    </choice>
                </foreach>
                <choice doc:name="Choice">
                    <when expression="flowVars.vistorsexitVariable != true">
                        <set-payload value="   {     &quot;userRef&quot;: &quot;#[flowVars.mainUserRef]&quot;,   &quot;profileCompleteness&quot;: &quot;#[flowVars.userProfile.profileCompleteness]&quot;,   &quot;DateAndTime&quot;: &quot; #[flowVars.headerVar.responsesOn]&quot;,&quot;firstName&quot;:&quot;#[flowVars.userVisitor.firstName]&quot;,&quot;age&quot;:&quot;#[flowVars.userVisitor.age]&quot;,&quot;lastName&quot;:&quot;#[flowVars.userVisitor.lastName]&quot;,&quot;height&quot;:&quot;#[flowVars.userVisitor.height]&quot;    }" doc:name="Set Payload"/>
                        <json:json-to-object-transformer returnClass="java.lang.Object" doc:name="JSON to Object"/>
                        <set-variable variableName="var1" value="#[flowVars.var_push_data1.visitorsData.add(payload)]" doc:name="Variable"/>
                    </when>
                    <otherwise>
                        <logger level="INFO" doc:name="Logger"/>
                    </otherwise>
                </choice>
                <set-payload value="#[flowVars.var_push_data1]" doc:name="addSet Payload"/>
                <json:object-to-json-transformer doc:name="Object to JSON"/>
                <http:request config-ref="HTTP_Request_Configuration" path="/userVisitors/{userRef}" method="POST" doc:name="postmainuserRefHTTP">
                    <http:request-builder>
                        <http:uri-param paramName="userRef" value="#[sessionVars.searchID]"/>
                    </http:request-builder>
                </http:request>
                <logger level="INFO" doc:name="end"/>
                <set-payload value="#[flowVars.payloadData]" doc:name="Set Payload"/>
                <json:object-to-json-transformer doc:name="Object to JSON"/>
            </otherwise>
        </choice>
       
    </flow>
    <flow name="getprivacydetailsValidationFlow">
        <validation:all config-ref="Validation_Configuration"   doc:name="Validation">
            <validation:validations>
                <validation:is-not-empty value="#[message.inboundProperties.'http.query.params'.geoLocation]" message="{&quot;message&quot;:&quot;geoLocation is required&quot;}"/>
                <validation:is-not-empty value="#[message.inboundProperties.'http.query.params'.guid]" message="{&quot;message&quot;:&quot;guid is required&quot;}"/>
                <validation:is-not-empty value="#[message.inboundProperties.'http.query.params'.userRef]" message="{&quot;message&quot;:&quot;userRef is required&quot;}"/>
            </validation:validations>
        </validation:all>
        <catch-exception-strategy doc:name="Catch Exception Strategy">
            <set-property propertyName="http.status" value="400" doc:name="Property"/>
            <set-payload value="#['error:'+exception]" doc:name="Set Payload"/>
            <set-session-variable variableName="validationVar" value="#[payload]" doc:name="validationVar"/>
        </catch-exception-strategy>
    </flow>
    <apikit:mapping-exception-strategy name="getprivacydetails-apiKitGlobalExceptionMapping">
        <apikit:mapping statusCode="404">
            <apikit:exception value="org.mule.module.apikit.exception.NotFoundException" />
            <set-property propertyName="Content-Type" value="application/json" doc:name="Property"/>
            <set-payload value="{ &quot;message&quot;: &quot;Resource not found&quot; }" doc:name="Set Payload"/>
        </apikit:mapping>
        <apikit:mapping statusCode="405">
            <apikit:exception value="org.mule.module.apikit.exception.MethodNotAllowedException" />
            <set-property propertyName="Content-Type" value="application/json" doc:name="Property"/>
            <set-payload value="{ &quot;message&quot;: &quot;Method not allowed&quot; }" doc:name="Set Payload"/>
        </apikit:mapping>
        <apikit:mapping statusCode="415">
            <apikit:exception value="org.mule.module.apikit.exception.UnsupportedMediaTypeException" />
            <set-property propertyName="Content-Type" value="application/json" doc:name="Property"/>
            <set-payload value="{ &quot;message&quot;: &quot;Unsupported media type&quot; }" doc:name="Set Payload"/>
        </apikit:mapping>
        <apikit:mapping statusCode="406">
            <apikit:exception value="org.mule.module.apikit.exception.NotAcceptableException" />
            <set-property propertyName="Content-Type" value="application/json" doc:name="Property"/>
            <set-payload value="{ &quot;message&quot;: &quot;Not acceptable&quot; }" doc:name="Set Payload"/>
        </apikit:mapping>
        <apikit:mapping statusCode="400">
            <apikit:exception value="org.mule.module.apikit.exception.BadRequestException" />
            <set-property propertyName="Content-Type" value="application/json" doc:name="Property"/>
            <set-payload value="{ &quot;message&quot;: &quot;Bad request&quot; }" doc:name="Set Payload"/>
        </apikit:mapping>
    </apikit:mapping-exception-strategy>
</mule>
