<metadata__cache__entry>
  <version>5.2.0.0</version>
  <connectorName>MySQL_Configuration</connectorName>
  <metadataIo class="tree-map">
    <entry>
      <string>http://www.mulesoft.org/schema/mule/db/update</string>
      <map>
        <entry>
          <string>UPDATE anz_matrimony.anz_userprofiledata 
SET hobbies=#[sessionVars.completedata.hobbies],
  interests=#[sessionVars.completedata.interests],
 favouriteMusic=#[sessionVars.completedata.favouriteMusic],
 favouriteBooks=#[sessionVars.completedata.favouriteBooks],
 favouriteMovies=#[sessionVars.completedata.favouriteMovies],
 favouriteSports=#[sessionVars.completedata.favouriteSports],
 dob=#[sessionVars.completedata.DateofBirth], 
height=#[sessionVars.completedata.Height], 
weight=#[sessionVars.completedata.BodyWegiht], 
skinTone=#[sessionVars.completedata.SkinType], 
bodyType=#[sessionVars.completedata.BodyType],
 motherTounge=#[sessionVars.completedata.MotherTongue],
 diet=#[sessionVars.completedata.diet], 
drink=#[sessionVars.completedata.drink],
 smoke=#[sessionVars.completedata.Smoke], 
maritalStatus=#[sessionVars.completedata.MaritalStatus],
nativePlace=#[sessionVars.completedata.nativePlace],
  fatherStatus=#[sessionVars.completedata.fatherStatus],
 motherStatus=#[sessionVars.completedata.motherStatus],
 sibblings=#[sessionVars.completedata.sibblings],
religion=#[sessionVars.completedata.religion],
 community=#[sessionVars.completedata.community], 
 subCommunity=#[sessionVars.completedata.subCommunity],
 gothra=#[sessionVars.completedata.gothra], 
zodiacSign=#[sessionVars.completedata.zodiacSign],

highestEducation=#[sessionVars.completedata.highestEducation],
college=#[sessionVars.completedata.college],

workingWith=#[sessionVars.completedata.workingWith],
workingAs=#[sessionVars.completedata.workingAs], 
annualIncome=#[sessionVars.completedata.annualIncome], 
workingLocation=#[sessionVars.completedata.workingLocation],

mobileNumber=#[sessionVars.completedata.mobileNumber],
 facebookId=#[sessionVars.completedata.facebookId],
linkedinId=#[sessionVars.completedata.linkedinId],
googleplusId=#[sessionVars.completedata.googleplusId],
twitterId=#[sessionVars.completedata.twitterId],
homePhone=#[sessionVars.completedata.homePhone]

WHERE userRef=#[flowVars.userrefData];</string>
          <org.mule.tooling.metadata.cache.DefaultMetadataCacheEntry>
            <output class="org.mule.common.metadata.DefaultMetaData">
              <payload class="org.mule.common.metadata.DefaultSimpleMetaDataModel">
                <dataType>DOUBLE</dataType>
                <metaDataModelPropertiesManager>
                  <properties/>
                </metaDataModelPropertiesManager>
              </payload>
              <properties>
                <entry>
                  <org.mule.common.metadata.MetaDataPropertyScope>INBOUND</org.mule.common.metadata.MetaDataPropertyScope>
                  <org.mule.common.metadata.MetaDataProperties>
                    <fields/>
                  </org.mule.common.metadata.MetaDataProperties>
                </entry>
                <entry>
                  <org.mule.common.metadata.MetaDataPropertyScope>RECORD</org.mule.common.metadata.MetaDataPropertyScope>
                  <org.mule.common.metadata.MetaDataProperties>
                    <fields/>
                  </org.mule.common.metadata.MetaDataProperties>
                </entry>
                <entry>
                  <org.mule.common.metadata.MetaDataPropertyScope>SESSION</org.mule.common.metadata.MetaDataPropertyScope>
                  <org.mule.common.metadata.MetaDataProperties>
                    <fields/>
                  </org.mule.common.metadata.MetaDataProperties>
                </entry>
                <entry>
                  <org.mule.common.metadata.MetaDataPropertyScope>FLOW</org.mule.common.metadata.MetaDataPropertyScope>
                  <org.mule.common.metadata.MetaDataProperties>
                    <fields/>
                  </org.mule.common.metadata.MetaDataProperties>
                </entry>
                <entry>
                  <org.mule.common.metadata.MetaDataPropertyScope>OUTBOUND</org.mule.common.metadata.MetaDataPropertyScope>
                  <org.mule.common.metadata.MetaDataProperties>
                    <fields/>
                  </org.mule.common.metadata.MetaDataProperties>
                </entry>
              </properties>
            </output>
          </org.mule.tooling.metadata.cache.DefaultMetadataCacheEntry>
        </entry>
        <entry>
          <string>UPDATE anz_matrimony.anz_userbasicdata
SET firstName=#[sessionVars.completedata.firstname],
 lastName=#[sessionVars.completedata.lastname],
 age=#[sessionVars.completedata.age],profileCompleteness=#[flowVars.basicProfilepercent],profileFor=#[sessiionVars.completedata.profileFor],religion=#[sessionVars.completedata.religion],modifiedOn=#[sessiionVars.completedata.modifiedOn],modifiedBy=#[sessionVars.completedata.modifiedBy],gender=#[sessionVars.completedata.gender]
 WHERE userRef=#[flowVars.userrefData];</string>
          <org.mule.tooling.metadata.cache.DefaultMetadataCacheEntry>
            <output class="org.mule.common.metadata.DefaultMetaData">
              <payload class="org.mule.common.metadata.DefaultSimpleMetaDataModel">
                <dataType>DOUBLE</dataType>
                <metaDataModelPropertiesManager>
                  <properties/>
                </metaDataModelPropertiesManager>
              </payload>
              <properties>
                <entry>
                  <org.mule.common.metadata.MetaDataPropertyScope>INBOUND</org.mule.common.metadata.MetaDataPropertyScope>
                  <org.mule.common.metadata.MetaDataProperties>
                    <fields/>
                  </org.mule.common.metadata.MetaDataProperties>
                </entry>
                <entry>
                  <org.mule.common.metadata.MetaDataPropertyScope>RECORD</org.mule.common.metadata.MetaDataPropertyScope>
                  <org.mule.common.metadata.MetaDataProperties>
                    <fields/>
                  </org.mule.common.metadata.MetaDataProperties>
                </entry>
                <entry>
                  <org.mule.common.metadata.MetaDataPropertyScope>SESSION</org.mule.common.metadata.MetaDataPropertyScope>
                  <org.mule.common.metadata.MetaDataProperties>
                    <fields/>
                  </org.mule.common.metadata.MetaDataProperties>
                </entry>
                <entry>
                  <org.mule.common.metadata.MetaDataPropertyScope>FLOW</org.mule.common.metadata.MetaDataPropertyScope>
                  <org.mule.common.metadata.MetaDataProperties>
                    <fields/>
                  </org.mule.common.metadata.MetaDataProperties>
                </entry>
                <entry>
                  <org.mule.common.metadata.MetaDataPropertyScope>OUTBOUND</org.mule.common.metadata.MetaDataPropertyScope>
                  <org.mule.common.metadata.MetaDataProperties>
                    <fields/>
                  </org.mule.common.metadata.MetaDataProperties>
                </entry>
              </properties>
            </output>
          </org.mule.tooling.metadata.cache.DefaultMetadataCacheEntry>
        </entry>
        <entry>
          <string>UPDATE anz_matrimony.anz_userprofiledata 
SET hobbies=#[sessionVars.completedata.hobbies],
  interests=#[sessionVars.completedata.interests],
 favouriteMusic=#[sessionVars.completedata.favouriteMusic],
 favouriteBooks=#[sessionVars.completedata.favouriteBooks],
 favouriteMovies=#[sessionVars.completedata.favouriteMovies],
 favouriteSports=#[sessionVars.completedata.favouriteSports],
 dob=#[sessionVars.completedata.DateofBirth], 
height=#[sessionVars.completedata.Height], 
weight=#[sessionVars.completedata.BodyWegiht], 
skintone=#[sessionVars.completedata.SkinType], 
bodyType=#[sessionVars.completedata.BodyType],
 motherTounge=#[sessionVars.completedata.MotherTongue],
 diet=#[sessionVars.completedata.diet], 
drink=#[sessionVars.completedata.drink],
 smoke=#[sessionVars.completedata.Smoke], 
maritalStatus=#[sessionVars.completedata.MaritalStatus],
nativePlace=#[sessionVars.completedata.nativePlace],
  fatherStatus=#[sessionVars.completedata.fatherStatus],
 motherStatus=#[sessionVars.completedata.motherStatus],
 sibblings=#[sessionVars.completedata.sibblings],
religion=#[sessionVars.completedata.religion],
 community=#[sessionVars.completedata.community], 
 subCommunity=#[sessionVars.completedata.subCommunity],
 gothra=#[sessionVars.completedata.gothra], 
zodiacSign=#[sessionVars.completedata.zodiacSign],

highestEducation=#[sessionVars.completedata.highestEducation],
college=#[sessionVars.completedata.college],

workingWith=#[sessionVars.completedata.workingWith],
workingAs=#[sessionVars.completedata.workingAs], 
annualIncome=#[sessionVars.completedata.annualIncome], 
workingLocation=#[sessionVars.completedata.workingLocation],

mobileNumber=#[sessionVars.completedata.mobileNumber],
 facebookId=#[sessionVars.completedata.facebookId],
linkedinId=#[sessionVars.completedata.linkedinId],
googleplusId=#[sessionVars.completedata.googleplusId],
twitterId=#[sessionVars.completedata.twitterId] 

WHERE userRef=#[flowVars.headerPost.userRef];</string>
          <org.mule.tooling.metadata.cache.DefaultMetadataCacheEntry>
            <output class="org.mule.common.metadata.DefaultMetaData">
              <payload class="org.mule.common.metadata.DefaultSimpleMetaDataModel">
                <dataType>DOUBLE</dataType>
                <metaDataModelPropertiesManager>
                  <properties/>
                </metaDataModelPropertiesManager>
              </payload>
              <properties>
                <entry>
                  <org.mule.common.metadata.MetaDataPropertyScope>INBOUND</org.mule.common.metadata.MetaDataPropertyScope>
                  <org.mule.common.metadata.MetaDataProperties>
                    <fields/>
                  </org.mule.common.metadata.MetaDataProperties>
                </entry>
                <entry>
                  <org.mule.common.metadata.MetaDataPropertyScope>RECORD</org.mule.common.metadata.MetaDataPropertyScope>
                  <org.mule.common.metadata.MetaDataProperties>
                    <fields/>
                  </org.mule.common.metadata.MetaDataProperties>
                </entry>
                <entry>
                  <org.mule.common.metadata.MetaDataPropertyScope>SESSION</org.mule.common.metadata.MetaDataPropertyScope>
                  <org.mule.common.metadata.MetaDataProperties>
                    <fields/>
                  </org.mule.common.metadata.MetaDataProperties>
                </entry>
                <entry>
                  <org.mule.common.metadata.MetaDataPropertyScope>FLOW</org.mule.common.metadata.MetaDataPropertyScope>
                  <org.mule.common.metadata.MetaDataProperties>
                    <fields/>
                  </org.mule.common.metadata.MetaDataProperties>
                </entry>
                <entry>
                  <org.mule.common.metadata.MetaDataPropertyScope>OUTBOUND</org.mule.common.metadata.MetaDataPropertyScope>
                  <org.mule.common.metadata.MetaDataProperties>
                    <fields/>
                  </org.mule.common.metadata.MetaDataProperties>
                </entry>
              </properties>
            </output>
          </org.mule.tooling.metadata.cache.DefaultMetadataCacheEntry>
        </entry>
        <entry>
          <string>UPDATE anz_matrimony.anz_userprofiledata 
SET hobbies=#[sessionVars.completedata.hobbies],
  interests=#[sessionVars.completedata.interests],
 favouriteMusic=#[sessionVars.completedata.favouriteMusic],
 favouriteBooks=#[sessionVars.completedata.favouriteBooks],
 favouriteMovies=#[sessionVars.completedata.favouriteMovies],
 favouriteSports=#[sessionVars.completedata.favouriteSports],
 dob=#[sessionVars.completedata.DateofBirth], 
height=#[sessionVars.completedata.Height], 
weight=#[sessionVars.completedata.BodyWegiht], 
skinTone=#[sessionVars.completedata.SkinType], 
bodyType=#[sessionVars.completedata.BodyType],
 motherTounge=#[sessionVars.completedata.MotherTongue],
 diet=#[sessionVars.completedata.diet], 
drink=#[sessionVars.completedata.drink],
 smoke=#[sessionVars.completedata.Smoke], 
maritalStatus=#[sessionVars.completedata.MaritalStatus],
nativePlace=#[sessionVars.completedata.nativePlace],
  fatherStatus=#[sessionVars.completedata.fatherStatus],
 motherStatus=#[sessionVars.completedata.motherStatus],
 sibblings=#[sessionVars.completedata.sibblings],
religion=#[sessionVars.completedata.religion],
 community=#[sessionVars.completedata.community], 
 subCommunity=#[sessionVars.completedata.subCommunity],
 gothra=#[sessionVars.completedata.gothra], 
zodiacSign=#[sessionVars.completedata.zodiacSign],

highestEducation=#[sessionVars.completedata.highestEducation],
college=#[sessionVars.completedata.college],

workingWith=#[sessionVars.completedata.workingWith],
workingAs=#[sessionVars.completedata.workingAs], 
annualIncome=#[sessionVars.completedata.annualIncome], 
workingLocation=#[sessionVars.completedata.workingLocation],

mobileNumber=#[sessionVars.completedata.mobileNumber],
 facebookId=#[sessionVars.completedata.facebookId],
linkedinId=#[sessionVars.completedata.linkedinId],
googleplusId=#[sessionVars.completedata.googleplusId],
twitterId=#[sessionVars.completedata.twitterId],
homePhone=#[sessionVars.completedata.homePhone]


WHERE userRef=#[sessionVars.completedata.userRef];</string>
          <org.mule.tooling.metadata.cache.DefaultMetadataCacheEntry>
            <output class="org.mule.common.metadata.DefaultMetaData">
              <payload class="org.mule.common.metadata.DefaultSimpleMetaDataModel">
                <dataType>DOUBLE</dataType>
                <metaDataModelPropertiesManager>
                  <properties/>
                </metaDataModelPropertiesManager>
              </payload>
              <properties>
                <entry>
                  <org.mule.common.metadata.MetaDataPropertyScope>INBOUND</org.mule.common.metadata.MetaDataPropertyScope>
                  <org.mule.common.metadata.MetaDataProperties>
                    <fields/>
                  </org.mule.common.metadata.MetaDataProperties>
                </entry>
                <entry>
                  <org.mule.common.metadata.MetaDataPropertyScope>RECORD</org.mule.common.metadata.MetaDataPropertyScope>
                  <org.mule.common.metadata.MetaDataProperties>
                    <fields/>
                  </org.mule.common.metadata.MetaDataProperties>
                </entry>
                <entry>
                  <org.mule.common.metadata.MetaDataPropertyScope>SESSION</org.mule.common.metadata.MetaDataPropertyScope>
                  <org.mule.common.metadata.MetaDataProperties>
                    <fields/>
                  </org.mule.common.metadata.MetaDataProperties>
                </entry>
                <entry>
                  <org.mule.common.metadata.MetaDataPropertyScope>FLOW</org.mule.common.metadata.MetaDataPropertyScope>
                  <org.mule.common.metadata.MetaDataProperties>
                    <fields/>
                  </org.mule.common.metadata.MetaDataProperties>
                </entry>
                <entry>
                  <org.mule.common.metadata.MetaDataPropertyScope>OUTBOUND</org.mule.common.metadata.MetaDataPropertyScope>
                  <org.mule.common.metadata.MetaDataProperties>
                    <fields/>
                  </org.mule.common.metadata.MetaDataProperties>
                </entry>
              </properties>
            </output>
          </org.mule.tooling.metadata.cache.DefaultMetadataCacheEntry>
        </entry>
        <entry>
          <string>UPDATE anz_matrimony.anz_userprofiledata 
SET hobbies=#[sessionVars.completedata.hobbies],
  interests=#[sessionVars.completedata.interests],
 favouriteMusic=#[sessionVars.completedata.favouriteMusic],
 favouriteBooks=#[sessionVars.completedata.favouriteBooks],
 favouriteMovies=#[sessionVars.completedata.favouriteMovies],
 favouriteSports=#[sessionVars.completedata.favouriteSports],
 dob=#[sessionVars.completedata.DateofBirth], 
height=#[sessionVars.completedata.Height], 
weight=#[sessionVars.completedata.BodyWegiht], 
skintone=#[sessionVars.completedata.SkinType], 
bodyType=#[sessionVars.completedata.BodyType],
 motherTounge=#[sessionVars.completedata.MotherTongue],
 diet=#[sessionVars.completedata.diet], 
drink=#[sessionVars.completedata.drink],
 smoke=#[sessionVars.completedata.Smoke], 
maritalStatus=#[sessionVars.completedata.MaritalStatus],
nativePlace=#[sessionVars.completedata.nativePlace],
  fatherStatus=#[sessionVars.completedata.fatherStatus],
 motherStatus=#[sessionVars.completedata.motherStatus],
 sibblings=#[sessionVars.completedata.sibblings],
religion=#[sessionVars.completedata.religion],
 community=#[sessionVars.completedata.community], 
 subCommunity=#[sessionVars.completedata.subCommunity],
 gothra=#[sessionVars.completedata.gothra], 
zodiacSign=#[sessionVars.completedata.zodiacSign],

highestEducation=#[sessionVars.completedata.highestEducation],
college=#[sessionVars.completedata.college],

workingWith=#[sessionVars.completedata.workingWith],
workingAs=#[sessionVars.completedata.workingAs], 
annualIncome=#[sessionVars.completedata.annualIncome], 
workingLocation=#[sessionVars.completedata.workingLocation],

mobileNumber=#[sessionVars.completedata.mobileNumber],
 facebookId=#[sessionVars.completedata.facebookId],
linkedinId=#[sessionVars.completedata.linkedinId],
googleplusId=#[sessionVars.completedata.googleplusId],
twitterId=#[sessionVars.completedata.twitterId] 

WHERE userRef=#[flowVars.userrefData];</string>
          <org.mule.tooling.metadata.cache.DefaultMetadataCacheEntry>
            <output class="org.mule.common.metadata.DefaultMetaData">
              <payload class="org.mule.common.metadata.DefaultSimpleMetaDataModel">
                <dataType>DOUBLE</dataType>
                <metaDataModelPropertiesManager>
                  <properties/>
                </metaDataModelPropertiesManager>
              </payload>
              <properties>
                <entry>
                  <org.mule.common.metadata.MetaDataPropertyScope>INBOUND</org.mule.common.metadata.MetaDataPropertyScope>
                  <org.mule.common.metadata.MetaDataProperties>
                    <fields/>
                  </org.mule.common.metadata.MetaDataProperties>
                </entry>
                <entry>
                  <org.mule.common.metadata.MetaDataPropertyScope>RECORD</org.mule.common.metadata.MetaDataPropertyScope>
                  <org.mule.common.metadata.MetaDataProperties>
                    <fields/>
                  </org.mule.common.metadata.MetaDataProperties>
                </entry>
                <entry>
                  <org.mule.common.metadata.MetaDataPropertyScope>SESSION</org.mule.common.metadata.MetaDataPropertyScope>
                  <org.mule.common.metadata.MetaDataProperties>
                    <fields/>
                  </org.mule.common.metadata.MetaDataProperties>
                </entry>
                <entry>
                  <org.mule.common.metadata.MetaDataPropertyScope>FLOW</org.mule.common.metadata.MetaDataPropertyScope>
                  <org.mule.common.metadata.MetaDataProperties>
                    <fields/>
                  </org.mule.common.metadata.MetaDataProperties>
                </entry>
                <entry>
                  <org.mule.common.metadata.MetaDataPropertyScope>OUTBOUND</org.mule.common.metadata.MetaDataPropertyScope>
                  <org.mule.common.metadata.MetaDataProperties>
                    <fields/>
                  </org.mule.common.metadata.MetaDataProperties>
                </entry>
              </properties>
            </output>
          </org.mule.tooling.metadata.cache.DefaultMetadataCacheEntry>
        </entry>
        <entry>
          <string>UPDATE anz_matrimony.anz_userbasicdata
SET firstName=#[sessionVars.completedata.firstname],
 lastName=#[sessionVars.completedata.lastname],
 age=#[sessionVars.completedata.age] WHERE userRef=#[flowVars.userrefData];</string>
          <org.mule.tooling.metadata.cache.DefaultMetadataCacheEntry>
            <output class="org.mule.common.metadata.DefaultMetaData">
              <payload class="org.mule.common.metadata.DefaultSimpleMetaDataModel">
                <dataType>DOUBLE</dataType>
                <metaDataModelPropertiesManager>
                  <properties/>
                </metaDataModelPropertiesManager>
              </payload>
              <properties>
                <entry>
                  <org.mule.common.metadata.MetaDataPropertyScope>INBOUND</org.mule.common.metadata.MetaDataPropertyScope>
                  <org.mule.common.metadata.MetaDataProperties>
                    <fields/>
                  </org.mule.common.metadata.MetaDataProperties>
                </entry>
                <entry>
                  <org.mule.common.metadata.MetaDataPropertyScope>RECORD</org.mule.common.metadata.MetaDataPropertyScope>
                  <org.mule.common.metadata.MetaDataProperties>
                    <fields/>
                  </org.mule.common.metadata.MetaDataProperties>
                </entry>
                <entry>
                  <org.mule.common.metadata.MetaDataPropertyScope>SESSION</org.mule.common.metadata.MetaDataPropertyScope>
                  <org.mule.common.metadata.MetaDataProperties>
                    <fields/>
                  </org.mule.common.metadata.MetaDataProperties>
                </entry>
                <entry>
                  <org.mule.common.metadata.MetaDataPropertyScope>FLOW</org.mule.common.metadata.MetaDataPropertyScope>
                  <org.mule.common.metadata.MetaDataProperties>
                    <fields/>
                  </org.mule.common.metadata.MetaDataProperties>
                </entry>
                <entry>
                  <org.mule.common.metadata.MetaDataPropertyScope>OUTBOUND</org.mule.common.metadata.MetaDataPropertyScope>
                  <org.mule.common.metadata.MetaDataProperties>
                    <fields/>
                  </org.mule.common.metadata.MetaDataProperties>
                </entry>
              </properties>
            </output>
          </org.mule.tooling.metadata.cache.DefaultMetadataCacheEntry>
        </entry>
        <entry>
          <string>UPDATE anz_matrimony.anz_userbasicdata
SET firstname=#[payload.firstname],
 lastname=#[payload.lastname],
 age=#[payload.age] WHERE userRef=#[flowVars.headerPost.userRef];</string>
          <org.mule.tooling.metadata.cache.DefaultMetadataCacheEntry>
            <output class="org.mule.common.metadata.DefaultMetaData">
              <payload class="org.mule.common.metadata.DefaultSimpleMetaDataModel">
                <dataType>DOUBLE</dataType>
                <metaDataModelPropertiesManager>
                  <properties/>
                </metaDataModelPropertiesManager>
              </payload>
              <properties>
                <entry>
                  <org.mule.common.metadata.MetaDataPropertyScope>INBOUND</org.mule.common.metadata.MetaDataPropertyScope>
                  <org.mule.common.metadata.MetaDataProperties>
                    <fields/>
                  </org.mule.common.metadata.MetaDataProperties>
                </entry>
                <entry>
                  <org.mule.common.metadata.MetaDataPropertyScope>RECORD</org.mule.common.metadata.MetaDataPropertyScope>
                  <org.mule.common.metadata.MetaDataProperties>
                    <fields/>
                  </org.mule.common.metadata.MetaDataProperties>
                </entry>
                <entry>
                  <org.mule.common.metadata.MetaDataPropertyScope>SESSION</org.mule.common.metadata.MetaDataPropertyScope>
                  <org.mule.common.metadata.MetaDataProperties>
                    <fields/>
                  </org.mule.common.metadata.MetaDataProperties>
                </entry>
                <entry>
                  <org.mule.common.metadata.MetaDataPropertyScope>FLOW</org.mule.common.metadata.MetaDataPropertyScope>
                  <org.mule.common.metadata.MetaDataProperties>
                    <fields/>
                  </org.mule.common.metadata.MetaDataProperties>
                </entry>
                <entry>
                  <org.mule.common.metadata.MetaDataPropertyScope>OUTBOUND</org.mule.common.metadata.MetaDataPropertyScope>
                  <org.mule.common.metadata.MetaDataProperties>
                    <fields/>
                  </org.mule.common.metadata.MetaDataProperties>
                </entry>
              </properties>
            </output>
          </org.mule.tooling.metadata.cache.DefaultMetadataCacheEntry>
        </entry>
        <entry>
          <string>UPDATE anz_matrimony.anz_userbasicdata
SET profileFor=#[sessionVars.completedata.profileFor], 
firstName=#[sessionVars.completedata.firstname],
 lastName=#[sessionVars.completedata.lastname],
age=#[sessionVars.completedata.age],profileCompleteness=#[flowVars.basicProfilepercent],religion=#[sessionVars.completedata.religion],modifiedOn=#[sessiionVars.completedata.modifiedOn],modifiedBy=#[sessionVars.completedata.modifiedBy],gender=#[sessionVars.completedata.gender]
 WHERE userRef=#[flowVars.userrefData];</string>
          <org.mule.tooling.metadata.cache.DefaultMetadataCacheEntry>
            <output class="org.mule.common.metadata.DefaultMetaData">
              <payload class="org.mule.common.metadata.DefaultSimpleMetaDataModel">
                <dataType>DOUBLE</dataType>
                <metaDataModelPropertiesManager>
                  <properties/>
                </metaDataModelPropertiesManager>
              </payload>
              <properties>
                <entry>
                  <org.mule.common.metadata.MetaDataPropertyScope>INBOUND</org.mule.common.metadata.MetaDataPropertyScope>
                  <org.mule.common.metadata.MetaDataProperties>
                    <fields/>
                  </org.mule.common.metadata.MetaDataProperties>
                </entry>
                <entry>
                  <org.mule.common.metadata.MetaDataPropertyScope>RECORD</org.mule.common.metadata.MetaDataPropertyScope>
                  <org.mule.common.metadata.MetaDataProperties>
                    <fields/>
                  </org.mule.common.metadata.MetaDataProperties>
                </entry>
                <entry>
                  <org.mule.common.metadata.MetaDataPropertyScope>SESSION</org.mule.common.metadata.MetaDataPropertyScope>
                  <org.mule.common.metadata.MetaDataProperties>
                    <fields/>
                  </org.mule.common.metadata.MetaDataProperties>
                </entry>
                <entry>
                  <org.mule.common.metadata.MetaDataPropertyScope>FLOW</org.mule.common.metadata.MetaDataPropertyScope>
                  <org.mule.common.metadata.MetaDataProperties>
                    <fields/>
                  </org.mule.common.metadata.MetaDataProperties>
                </entry>
                <entry>
                  <org.mule.common.metadata.MetaDataPropertyScope>OUTBOUND</org.mule.common.metadata.MetaDataPropertyScope>
                  <org.mule.common.metadata.MetaDataProperties>
                    <fields/>
                  </org.mule.common.metadata.MetaDataProperties>
                </entry>
              </properties>
            </output>
          </org.mule.tooling.metadata.cache.DefaultMetadataCacheEntry>
        </entry>
        <entry>
          <string>UPDATE anz_matrimony.anz_userprofiledata 
SET hobbies=#[sessionVars.completedata.hobbies],
  interests=#[sessionVars.completedata.interests],
 favouriteMusic=#[sessionVars.completedata.favouriteMusic],
 favouriteBooks=#[sessionVars.completedata.favouriteBooks],
 favouriteMovies=#[sessionVars.completedata.favouriteMovies],
 favouriteSports=#[sessionVars.completedata.favouriteSports],
 dob=#[sessionVars.completedata.DateofBirth], 
height=#[sessionVars.completedata.Height], 
weight=#[sessionVars.completedata.BodyWegiht], 
skinTone=#[sessionVars.completedata.SkinType], 
bodyType=#[sessionVars.completedata.BodyType],
 motherTounge=#[sessionVars.completedata.MotherTongue],
 diet=#[sessionVars.completedata.diet], 
drink=#[sessionVars.completedata.drink],
 smoke=#[sessionVars.completedata.Smoke], 
maritalStatus=#[sessionVars.completedata.MaritalStatus],
nativePlace=#[sessionVars.completedata.nativePlace],
  fatherStatus=#[sessionVars.completedata.fatherStatus],
 motherStatus=#[sessionVars.completedata.motherStatus],
 sibblings=#[sessionVars.completedata.sibblings],
religion=#[sessionVars.completedata.religion],
 community=#[sessionVars.completedata.community], 
 subCommunity=#[sessionVars.completedata.subCommunity],
 gothra=#[sessionVars.completedata.gothra], 
zodiacSign=#[sessionVars.completedata.zodiacSign],

highestEducation=#[sessionVars.completedata.highestEducation],
college=#[sessionVars.completedata.college],

workingWith=#[sessionVars.completedata.workingWith],
workingAs=#[sessionVars.completedata.workingAs], 
annualIncome=#[sessionVars.completedata.annualIncome], 
workingLocation=#[sessionVars.completedata.workingLocation],

mobileNumber=#[sessionVars.completedata.mobileNumber],
 facebookId=#[sessionVars.completedata.facebookId],
linkedinId=#[sessionVars.completedata.linkedinId],
googleplusId=#[sessionVars.completedata.googleplusId],
twitterId=#[sessionVars.completedata.twitterId],
homePhone=#[sessionVars.completedata.homePhone]


WHERE userRef=#[flowVars.userrefData];</string>
          <org.mule.tooling.metadata.cache.DefaultMetadataCacheEntry>
            <output class="org.mule.common.metadata.DefaultMetaData">
              <payload class="org.mule.common.metadata.DefaultSimpleMetaDataModel">
                <dataType>DOUBLE</dataType>
                <metaDataModelPropertiesManager>
                  <properties/>
                </metaDataModelPropertiesManager>
              </payload>
              <properties>
                <entry>
                  <org.mule.common.metadata.MetaDataPropertyScope>INBOUND</org.mule.common.metadata.MetaDataPropertyScope>
                  <org.mule.common.metadata.MetaDataProperties>
                    <fields/>
                  </org.mule.common.metadata.MetaDataProperties>
                </entry>
                <entry>
                  <org.mule.common.metadata.MetaDataPropertyScope>RECORD</org.mule.common.metadata.MetaDataPropertyScope>
                  <org.mule.common.metadata.MetaDataProperties>
                    <fields/>
                  </org.mule.common.metadata.MetaDataProperties>
                </entry>
                <entry>
                  <org.mule.common.metadata.MetaDataPropertyScope>SESSION</org.mule.common.metadata.MetaDataPropertyScope>
                  <org.mule.common.metadata.MetaDataProperties>
                    <fields/>
                  </org.mule.common.metadata.MetaDataProperties>
                </entry>
                <entry>
                  <org.mule.common.metadata.MetaDataPropertyScope>FLOW</org.mule.common.metadata.MetaDataPropertyScope>
                  <org.mule.common.metadata.MetaDataProperties>
                    <fields/>
                  </org.mule.common.metadata.MetaDataProperties>
                </entry>
                <entry>
                  <org.mule.common.metadata.MetaDataPropertyScope>OUTBOUND</org.mule.common.metadata.MetaDataPropertyScope>
                  <org.mule.common.metadata.MetaDataProperties>
                    <fields/>
                  </org.mule.common.metadata.MetaDataProperties>
                </entry>
              </properties>
            </output>
          </org.mule.tooling.metadata.cache.DefaultMetadataCacheEntry>
        </entry>
        <entry>
          <string>UPDATE anz_matrimony.anz_userprofiledata 
SET hobbies=#[sessionVars.completedata.hobbies],
  interests=#[sessionVars.completedata.interests],
 favouriteMusic=#[sessionVars.completedata.favouriteMusic],
 favouriteBooks=#[sessionVars.completedata.favouriteBooks],
 favouriteMovies=#[sessionVars.completedata.favouriteMovies],
 favouriteSports=#[sessionVars.completedata.favouriteSports],
 dob=#[sessionVars.completedata.DateofBirth], 
height=#[sessionVars.completedata.Height], 
weight=#[sessionVars.completedata.BodyWegiht], 
skinTone=#[sessionVars.completedata.SkinType], 
bodyType=#[sessionVars.completedata.BodyType],
 motherTounge=#[sessionVars.completedata.MotherTongue],
 diet=#[sessionVars.completedata.diet], 
drink=#[sessionVars.completedata.drink],
 smoke=#[sessionVars.completedata.Smoke], 
maritalStatus=#[sessionVars.completedata.MaritalStatus],
nativePlace=#[sessionVars.completedata.nativePlace],
  fatherStatus=#[sessionVars.completedata.fatherStatus],
 motherStatus=#[sessionVars.completedata.motherStatus],
 sibblings=#[sessionVars.completedata.sibblings],
religion=#[sessionVars.completedata.religion],
 community=#[sessionVars.completedata.community], 
 subCommunity=#[sessionVars.completedata.subCommunity],
 gothra=#[sessionVars.completedata.gothra], 
zodiacSign=#[sessionVars.completedata.zodiacSign],

highestEducation=#[sessionVars.completedata.highestEducation],
college=#[sessionVars.completedata.college],

workingWith=#[sessionVars.completedata.workingWith],
workingAs=#[sessionVars.completedata.workingAs], 
annualIncome=#[sessionVars.completedata.annualIncome], 
workingLocation=#[sessionVars.completedata.workingLocation],

mobileNumber=#[sessionVars.completedata.mobileNumber],
 facebookId=#[sessionVars.completedata.facebookId],
linkedinId=#[sessionVars.completedata.linkedinId],
googleplusId=#[sessionVars.completedata.googleplusId],
twitterId=#[sessionVars.completedata.twitterId],
homePhone=#[sessionVars.completedata.homePhone]


WHERE userRef=#[sessionVars.completedata];</string>
          <org.mule.tooling.metadata.cache.DefaultMetadataCacheEntry>
            <output class="org.mule.common.metadata.DefaultMetaData">
              <payload class="org.mule.common.metadata.DefaultSimpleMetaDataModel">
                <dataType>DOUBLE</dataType>
                <metaDataModelPropertiesManager>
                  <properties/>
                </metaDataModelPropertiesManager>
              </payload>
              <properties>
                <entry>
                  <org.mule.common.metadata.MetaDataPropertyScope>INBOUND</org.mule.common.metadata.MetaDataPropertyScope>
                  <org.mule.common.metadata.MetaDataProperties>
                    <fields/>
                  </org.mule.common.metadata.MetaDataProperties>
                </entry>
                <entry>
                  <org.mule.common.metadata.MetaDataPropertyScope>RECORD</org.mule.common.metadata.MetaDataPropertyScope>
                  <org.mule.common.metadata.MetaDataProperties>
                    <fields/>
                  </org.mule.common.metadata.MetaDataProperties>
                </entry>
                <entry>
                  <org.mule.common.metadata.MetaDataPropertyScope>SESSION</org.mule.common.metadata.MetaDataPropertyScope>
                  <org.mule.common.metadata.MetaDataProperties>
                    <fields/>
                  </org.mule.common.metadata.MetaDataProperties>
                </entry>
                <entry>
                  <org.mule.common.metadata.MetaDataPropertyScope>FLOW</org.mule.common.metadata.MetaDataPropertyScope>
                  <org.mule.common.metadata.MetaDataProperties>
                    <fields/>
                  </org.mule.common.metadata.MetaDataProperties>
                </entry>
                <entry>
                  <org.mule.common.metadata.MetaDataPropertyScope>OUTBOUND</org.mule.common.metadata.MetaDataPropertyScope>
                  <org.mule.common.metadata.MetaDataProperties>
                    <fields/>
                  </org.mule.common.metadata.MetaDataProperties>
                </entry>
              </properties>
            </output>
          </org.mule.tooling.metadata.cache.DefaultMetadataCacheEntry>
        </entry>
        <entry>
          <string>UPDATE anz_matrimony.anz_userbasicdata
SET firstName=#[sessionVars.completedata.firstname],
 lastName=#[sessionVars.completedata.lastname],
 age=#[sessionVars.completedata.age], WHERE userRef=#[flowVars.userrefData];</string>
          <org.mule.tooling.metadata.cache.DefaultMetadataCacheEntry>
            <output class="org.mule.common.metadata.DefaultMetaData">
              <payload class="org.mule.common.metadata.DefaultSimpleMetaDataModel">
                <dataType>DOUBLE</dataType>
                <metaDataModelPropertiesManager>
                  <properties/>
                </metaDataModelPropertiesManager>
              </payload>
              <properties>
                <entry>
                  <org.mule.common.metadata.MetaDataPropertyScope>INBOUND</org.mule.common.metadata.MetaDataPropertyScope>
                  <org.mule.common.metadata.MetaDataProperties>
                    <fields/>
                  </org.mule.common.metadata.MetaDataProperties>
                </entry>
                <entry>
                  <org.mule.common.metadata.MetaDataPropertyScope>RECORD</org.mule.common.metadata.MetaDataPropertyScope>
                  <org.mule.common.metadata.MetaDataProperties>
                    <fields/>
                  </org.mule.common.metadata.MetaDataProperties>
                </entry>
                <entry>
                  <org.mule.common.metadata.MetaDataPropertyScope>SESSION</org.mule.common.metadata.MetaDataPropertyScope>
                  <org.mule.common.metadata.MetaDataProperties>
                    <fields/>
                  </org.mule.common.metadata.MetaDataProperties>
                </entry>
                <entry>
                  <org.mule.common.metadata.MetaDataPropertyScope>FLOW</org.mule.common.metadata.MetaDataPropertyScope>
                  <org.mule.common.metadata.MetaDataProperties>
                    <fields/>
                  </org.mule.common.metadata.MetaDataProperties>
                </entry>
                <entry>
                  <org.mule.common.metadata.MetaDataPropertyScope>OUTBOUND</org.mule.common.metadata.MetaDataPropertyScope>
                  <org.mule.common.metadata.MetaDataProperties>
                    <fields/>
                  </org.mule.common.metadata.MetaDataProperties>
                </entry>
              </properties>
            </output>
          </org.mule.tooling.metadata.cache.DefaultMetadataCacheEntry>
        </entry>
        <entry>
          <string>UPDATE anz_matrimony.anz_userbasicdata
SET profileFor=#[sessionVars.completedata.profileFor], 
firstName=#[sessionVars.completedata.firstName],
 lastName=#[sessionVars.completedata.lastName],
age=#[sessionVars.completedata.age],profileCompleteness=#[flowVars.basicProfilepercent],religion=#[sessionVars.completedata.religion],modifiedOn=#[sessionVars.completedata.modifiedOn],modifiedBy=#[sessionVars.completedata.modifiedBy],gender=#[sessionVars.completedata.gender]
 WHERE userRef=#[flowVars.userrefData];</string>
          <org.mule.tooling.metadata.cache.DefaultMetadataCacheEntry>
            <output class="org.mule.common.metadata.DefaultMetaData">
              <payload class="org.mule.common.metadata.DefaultSimpleMetaDataModel">
                <dataType>DOUBLE</dataType>
                <metaDataModelPropertiesManager>
                  <properties/>
                </metaDataModelPropertiesManager>
              </payload>
              <properties>
                <entry>
                  <org.mule.common.metadata.MetaDataPropertyScope>INBOUND</org.mule.common.metadata.MetaDataPropertyScope>
                  <org.mule.common.metadata.MetaDataProperties>
                    <fields/>
                  </org.mule.common.metadata.MetaDataProperties>
                </entry>
                <entry>
                  <org.mule.common.metadata.MetaDataPropertyScope>RECORD</org.mule.common.metadata.MetaDataPropertyScope>
                  <org.mule.common.metadata.MetaDataProperties>
                    <fields/>
                  </org.mule.common.metadata.MetaDataProperties>
                </entry>
                <entry>
                  <org.mule.common.metadata.MetaDataPropertyScope>SESSION</org.mule.common.metadata.MetaDataPropertyScope>
                  <org.mule.common.metadata.MetaDataProperties>
                    <fields/>
                  </org.mule.common.metadata.MetaDataProperties>
                </entry>
                <entry>
                  <org.mule.common.metadata.MetaDataPropertyScope>FLOW</org.mule.common.metadata.MetaDataPropertyScope>
                  <org.mule.common.metadata.MetaDataProperties>
                    <fields/>
                  </org.mule.common.metadata.MetaDataProperties>
                </entry>
                <entry>
                  <org.mule.common.metadata.MetaDataPropertyScope>OUTBOUND</org.mule.common.metadata.MetaDataPropertyScope>
                  <org.mule.common.metadata.MetaDataProperties>
                    <fields/>
                  </org.mule.common.metadata.MetaDataProperties>
                </entry>
              </properties>
            </output>
          </org.mule.tooling.metadata.cache.DefaultMetadataCacheEntry>
        </entry>
        <entry>
          <string>UPDATE anz_matrimony.anz_userbasicdata
SET profileFor=#[sessionVars.completedata.profileFor], 
firstName=#[sessionVars.completedata.firstname],
 lastName=#[sessionVars.completedata.lastname],
age=#[sessionVars.completedata.age],profileCompleteness=#[flowVars.basicProfilepercent],religion=#[sessionVars.completedata.religion],modifiedOn=#[sessionVars.completedata.modifiedOn],modifiedBy=#[sessionVars.completedata.modifiedBy],gender=#[sessionVars.completedata.gender]
 WHERE userRef=#[flowVars.userrefData];</string>
          <org.mule.tooling.metadata.cache.DefaultMetadataCacheEntry>
            <output class="org.mule.common.metadata.DefaultMetaData">
              <payload class="org.mule.common.metadata.DefaultSimpleMetaDataModel">
                <dataType>DOUBLE</dataType>
                <metaDataModelPropertiesManager>
                  <properties/>
                </metaDataModelPropertiesManager>
              </payload>
              <properties>
                <entry>
                  <org.mule.common.metadata.MetaDataPropertyScope>INBOUND</org.mule.common.metadata.MetaDataPropertyScope>
                  <org.mule.common.metadata.MetaDataProperties>
                    <fields/>
                  </org.mule.common.metadata.MetaDataProperties>
                </entry>
                <entry>
                  <org.mule.common.metadata.MetaDataPropertyScope>RECORD</org.mule.common.metadata.MetaDataPropertyScope>
                  <org.mule.common.metadata.MetaDataProperties>
                    <fields/>
                  </org.mule.common.metadata.MetaDataProperties>
                </entry>
                <entry>
                  <org.mule.common.metadata.MetaDataPropertyScope>SESSION</org.mule.common.metadata.MetaDataPropertyScope>
                  <org.mule.common.metadata.MetaDataProperties>
                    <fields/>
                  </org.mule.common.metadata.MetaDataProperties>
                </entry>
                <entry>
                  <org.mule.common.metadata.MetaDataPropertyScope>FLOW</org.mule.common.metadata.MetaDataPropertyScope>
                  <org.mule.common.metadata.MetaDataProperties>
                    <fields/>
                  </org.mule.common.metadata.MetaDataProperties>
                </entry>
                <entry>
                  <org.mule.common.metadata.MetaDataPropertyScope>OUTBOUND</org.mule.common.metadata.MetaDataPropertyScope>
                  <org.mule.common.metadata.MetaDataProperties>
                    <fields/>
                  </org.mule.common.metadata.MetaDataProperties>
                </entry>
              </properties>
            </output>
          </org.mule.tooling.metadata.cache.DefaultMetadataCacheEntry>
        </entry>
        <entry>
          <string>UPDATE anz_matrimony.anz_userprofiledata 
SET hobbies=#[sessionVars.completedata.hobbies],
  intrests=#[sessionVars.completedata.interests],
 favourite_music=#[sessionVars.completedata.favourite_music],
 favourite_books=#[sessionVars.completedata.favourite_books],
 favourite_movies=#[sessionVars.completedata.favourite_movies],
 favourite_sports=#[sessionVars.completedata.favourite_sports],
 dob=#[sessionVars.completedata.DateofBirth], 
height=#[sessionVars.completedata.Height], 
weight=#[sessionVars.completedata.BodyWegiht], 
skintone=#[sessionVars.completedata.SkinType], 
body_type=#[sessionVars.completedata.BodyType],
 mother_tounge=#[sessionVars.completedata.MotherTongue],
 diet=#[sessionVars.completedata.Diet], 
drink=#[sessionVars.completedata.Drink],
 smoke=#[sessionVars.completedata.Smoke], 
marital_status=#[sessionVars.completedata.MaritalStatus],
native_place=#[sessionVars.completedata.native_place],
  father_status=#[sessionVars.completedata.father_status],
 mother_status=#[sessionVars.completedata.mother_status],
 sibblings=#[sessionVars.completedata.sibblings],
religion=#[sessionVars.completedata.religion],
 community=#[sessionVars.completedata.community], 
 sub_community=#[sessionVars.completedata.sub_community],
 gothra=#[sessionVars.completedata.gothra], 
zodiac_sign=#[sessionVars.completedata.zodiac_sign],
college=#[sessionVars.completedata.college],
working_with=#[sessionVars.completedata.working_with],
working_as=#[sessionVars.completedata.working_as], 
annual_income=#[sessionVars.completedata.annual_income], 
working_location=#[sessionVars.completedata.working_location],
mobile_number=#[sessionVars.completedata.mobile_number],
 facebook_id=#[sessionVars.completedata.facebook_id],
linkedin_id=#[sessionVars.completedata.linkedin_id],
googleplus_id=#[sessionVars.completedata.googleplus_id],
twitter_id=#[sessionVars.completedata.twitter_id] 
WHERE user_ref=#[sessionVars.completedata.user_ref];</string>
          <org.mule.tooling.metadata.cache.DefaultMetadataCacheEntry>
            <output class="org.mule.common.metadata.DefaultMetaData">
              <payload class="org.mule.common.metadata.DefaultSimpleMetaDataModel">
                <dataType>DOUBLE</dataType>
                <metaDataModelPropertiesManager>
                  <properties/>
                </metaDataModelPropertiesManager>
              </payload>
              <properties>
                <entry>
                  <org.mule.common.metadata.MetaDataPropertyScope>INBOUND</org.mule.common.metadata.MetaDataPropertyScope>
                  <org.mule.common.metadata.MetaDataProperties>
                    <fields/>
                  </org.mule.common.metadata.MetaDataProperties>
                </entry>
                <entry>
                  <org.mule.common.metadata.MetaDataPropertyScope>RECORD</org.mule.common.metadata.MetaDataPropertyScope>
                  <org.mule.common.metadata.MetaDataProperties>
                    <fields/>
                  </org.mule.common.metadata.MetaDataProperties>
                </entry>
                <entry>
                  <org.mule.common.metadata.MetaDataPropertyScope>SESSION</org.mule.common.metadata.MetaDataPropertyScope>
                  <org.mule.common.metadata.MetaDataProperties>
                    <fields/>
                  </org.mule.common.metadata.MetaDataProperties>
                </entry>
                <entry>
                  <org.mule.common.metadata.MetaDataPropertyScope>FLOW</org.mule.common.metadata.MetaDataPropertyScope>
                  <org.mule.common.metadata.MetaDataProperties>
                    <fields/>
                  </org.mule.common.metadata.MetaDataProperties>
                </entry>
                <entry>
                  <org.mule.common.metadata.MetaDataPropertyScope>OUTBOUND</org.mule.common.metadata.MetaDataPropertyScope>
                  <org.mule.common.metadata.MetaDataProperties>
                    <fields/>
                  </org.mule.common.metadata.MetaDataProperties>
                </entry>
              </properties>
            </output>
          </org.mule.tooling.metadata.cache.DefaultMetadataCacheEntry>
        </entry>
        <entry>
          <string>UPDATE anz_matrimony.anz_userbasicdata
SET profileFor=#[sessiionVars.completedata.profileFor], 
firstName=#[sessionVars.completedata.firstname],
 lastName=#[sessionVars.completedata.lastname],
age=#[sessionVars.completedata.age],profileCompleteness=#[flowVars.basicProfilepercent],religion=#[sessionVars.completedata.religion],modifiedOn=#[sessiionVars.completedata.modifiedOn],modifiedBy=#[sessionVars.completedata.modifiedBy],gender=#[sessionVars.completedata.gender]
 WHERE userRef=#[flowVars.userrefData];</string>
          <org.mule.tooling.metadata.cache.DefaultMetadataCacheEntry>
            <output class="org.mule.common.metadata.DefaultMetaData">
              <payload class="org.mule.common.metadata.DefaultSimpleMetaDataModel">
                <dataType>DOUBLE</dataType>
                <metaDataModelPropertiesManager>
                  <properties/>
                </metaDataModelPropertiesManager>
              </payload>
              <properties>
                <entry>
                  <org.mule.common.metadata.MetaDataPropertyScope>INBOUND</org.mule.common.metadata.MetaDataPropertyScope>
                  <org.mule.common.metadata.MetaDataProperties>
                    <fields/>
                  </org.mule.common.metadata.MetaDataProperties>
                </entry>
                <entry>
                  <org.mule.common.metadata.MetaDataPropertyScope>RECORD</org.mule.common.metadata.MetaDataPropertyScope>
                  <org.mule.common.metadata.MetaDataProperties>
                    <fields/>
                  </org.mule.common.metadata.MetaDataProperties>
                </entry>
                <entry>
                  <org.mule.common.metadata.MetaDataPropertyScope>SESSION</org.mule.common.metadata.MetaDataPropertyScope>
                  <org.mule.common.metadata.MetaDataProperties>
                    <fields/>
                  </org.mule.common.metadata.MetaDataProperties>
                </entry>
                <entry>
                  <org.mule.common.metadata.MetaDataPropertyScope>FLOW</org.mule.common.metadata.MetaDataPropertyScope>
                  <org.mule.common.metadata.MetaDataProperties>
                    <fields/>
                  </org.mule.common.metadata.MetaDataProperties>
                </entry>
                <entry>
                  <org.mule.common.metadata.MetaDataPropertyScope>OUTBOUND</org.mule.common.metadata.MetaDataPropertyScope>
                  <org.mule.common.metadata.MetaDataProperties>
                    <fields/>
                  </org.mule.common.metadata.MetaDataProperties>
                </entry>
              </properties>
            </output>
          </org.mule.tooling.metadata.cache.DefaultMetadataCacheEntry>
        </entry>
        <entry>
          <string>UPDATE anz_matrimony.anz_userprofiledata 
SET hobbies=#[sessionVars.completedata.hobbies],
  intrests=#[sessionVars.completedata.interests],
 favouriteMusic=#[sessionVars.completedata.favouriteMusic],
 favouriteBooks=#[sessionVars.completedata.favouriteBooks],
 favouriteMovies=#[sessionVars.completedata.favouriteMovies],
 favouriteSports=#[sessionVars.completedata.favouriteSports],
 dob=#[sessionVars.completedata.DateofBirth], 
height=#[sessionVars.completedata.Height], 
weight=#[sessionVars.completedata.BodyWegiht], 
skintone=#[sessionVars.completedata.SkinType], 
bodyType=#[sessionVars.completedata.BodyType],
 motherTounge=#[sessionVars.completedata.MotherTongue],
 diet=#[sessionVars.completedata.diet], 
drink=#[sessionVars.completedata.drink],
 smoke=#[sessionVars.completedata.Smoke], 
maritalStatus=#[sessionVars.completedata.MaritalStatus],
nativePlace=#[sessionVars.completedata.nativePlace],
  fatherStatus=#[sessionVars.completedata.fatherStatus],
 motherStatus=#[sessionVars.completedata.motherStatus],
 sibblings=#[sessionVars.completedata.sibblings],
religion=#[sessionVars.completedata.religion],
 community=#[sessionVars.completedata.community], 
 subCommunity=#[sessionVars.completedata.subCommunity],
 gothra=#[sessionVars.completedata.gothra], 
zodiacSign=#[sessionVars.completedata.zodiacSign],

highestEducation=#[sessionVars.completedata.highestEducation],
college=#[sessionVars.completedata.college],

workingWith=#[sessionVars.completedata.workingWith],
workingAs=#[sessionVars.completedata.workingAs], 
annualIncome=#[sessionVars.completedata.annualIncome], 
workingLocation=#[sessionVars.completedata.workingLocation],

mobileNumber=#[sessionVars.completedata.mobileNumber],
 facebookId=#[sessionVars.completedata.facebookId],
linkedinId=#[sessionVars.completedata.linkedinId],
googleplusId=#[sessionVars.completedata.googleplusId],
twitterId=#[sessionVars.completedata.twitterId] 

WHERE userRef=#[flowVars.headerPost.userRef];</string>
          <org.mule.tooling.metadata.cache.DefaultMetadataCacheEntry>
            <output class="org.mule.common.metadata.DefaultMetaData">
              <payload class="org.mule.common.metadata.DefaultSimpleMetaDataModel">
                <dataType>DOUBLE</dataType>
                <metaDataModelPropertiesManager>
                  <properties/>
                </metaDataModelPropertiesManager>
              </payload>
              <properties>
                <entry>
                  <org.mule.common.metadata.MetaDataPropertyScope>INBOUND</org.mule.common.metadata.MetaDataPropertyScope>
                  <org.mule.common.metadata.MetaDataProperties>
                    <fields/>
                  </org.mule.common.metadata.MetaDataProperties>
                </entry>
                <entry>
                  <org.mule.common.metadata.MetaDataPropertyScope>RECORD</org.mule.common.metadata.MetaDataPropertyScope>
                  <org.mule.common.metadata.MetaDataProperties>
                    <fields/>
                  </org.mule.common.metadata.MetaDataProperties>
                </entry>
                <entry>
                  <org.mule.common.metadata.MetaDataPropertyScope>SESSION</org.mule.common.metadata.MetaDataPropertyScope>
                  <org.mule.common.metadata.MetaDataProperties>
                    <fields/>
                  </org.mule.common.metadata.MetaDataProperties>
                </entry>
                <entry>
                  <org.mule.common.metadata.MetaDataPropertyScope>FLOW</org.mule.common.metadata.MetaDataPropertyScope>
                  <org.mule.common.metadata.MetaDataProperties>
                    <fields/>
                  </org.mule.common.metadata.MetaDataProperties>
                </entry>
                <entry>
                  <org.mule.common.metadata.MetaDataPropertyScope>OUTBOUND</org.mule.common.metadata.MetaDataPropertyScope>
                  <org.mule.common.metadata.MetaDataProperties>
                    <fields/>
                  </org.mule.common.metadata.MetaDataProperties>
                </entry>
              </properties>
            </output>
          </org.mule.tooling.metadata.cache.DefaultMetadataCacheEntry>
        </entry>
        <entry>
          <string>UPDATE anz_matrimony.anz_userbasicdata
SET firstname=#[sessionVars.completedata.firstname],
 lastname=#[sessionVars.completedata.lastname],
 age=#[sessionVars.completedata.age] WHERE userRef=#[flowVars.headerPost.userRef];</string>
          <org.mule.tooling.metadata.cache.DefaultMetadataCacheEntry>
            <output class="org.mule.common.metadata.DefaultMetaData">
              <payload class="org.mule.common.metadata.DefaultSimpleMetaDataModel">
                <dataType>DOUBLE</dataType>
                <metaDataModelPropertiesManager>
                  <properties/>
                </metaDataModelPropertiesManager>
              </payload>
              <properties>
                <entry>
                  <org.mule.common.metadata.MetaDataPropertyScope>INBOUND</org.mule.common.metadata.MetaDataPropertyScope>
                  <org.mule.common.metadata.MetaDataProperties>
                    <fields/>
                  </org.mule.common.metadata.MetaDataProperties>
                </entry>
                <entry>
                  <org.mule.common.metadata.MetaDataPropertyScope>RECORD</org.mule.common.metadata.MetaDataPropertyScope>
                  <org.mule.common.metadata.MetaDataProperties>
                    <fields/>
                  </org.mule.common.metadata.MetaDataProperties>
                </entry>
                <entry>
                  <org.mule.common.metadata.MetaDataPropertyScope>SESSION</org.mule.common.metadata.MetaDataPropertyScope>
                  <org.mule.common.metadata.MetaDataProperties>
                    <fields/>
                  </org.mule.common.metadata.MetaDataProperties>
                </entry>
                <entry>
                  <org.mule.common.metadata.MetaDataPropertyScope>FLOW</org.mule.common.metadata.MetaDataPropertyScope>
                  <org.mule.common.metadata.MetaDataProperties>
                    <fields/>
                  </org.mule.common.metadata.MetaDataProperties>
                </entry>
                <entry>
                  <org.mule.common.metadata.MetaDataPropertyScope>OUTBOUND</org.mule.common.metadata.MetaDataPropertyScope>
                  <org.mule.common.metadata.MetaDataProperties>
                    <fields/>
                  </org.mule.common.metadata.MetaDataProperties>
                </entry>
              </properties>
            </output>
          </org.mule.tooling.metadata.cache.DefaultMetadataCacheEntry>
        </entry>
        <entry>
          <string>UPDATE anz_matrimony.anz_userbasicdata
SET firstname=#[sessionVars.completedata.firstname],
 lastname=#[sessionVars.completedata.lastname],
 age=#[sessionVars.completedata.age] WHERE userRef=#[flowVars.userrefData];</string>
          <org.mule.tooling.metadata.cache.DefaultMetadataCacheEntry>
            <output class="org.mule.common.metadata.DefaultMetaData">
              <payload class="org.mule.common.metadata.DefaultSimpleMetaDataModel">
                <dataType>DOUBLE</dataType>
                <metaDataModelPropertiesManager>
                  <properties/>
                </metaDataModelPropertiesManager>
              </payload>
              <properties>
                <entry>
                  <org.mule.common.metadata.MetaDataPropertyScope>INBOUND</org.mule.common.metadata.MetaDataPropertyScope>
                  <org.mule.common.metadata.MetaDataProperties>
                    <fields/>
                  </org.mule.common.metadata.MetaDataProperties>
                </entry>
                <entry>
                  <org.mule.common.metadata.MetaDataPropertyScope>RECORD</org.mule.common.metadata.MetaDataPropertyScope>
                  <org.mule.common.metadata.MetaDataProperties>
                    <fields/>
                  </org.mule.common.metadata.MetaDataProperties>
                </entry>
                <entry>
                  <org.mule.common.metadata.MetaDataPropertyScope>SESSION</org.mule.common.metadata.MetaDataPropertyScope>
                  <org.mule.common.metadata.MetaDataProperties>
                    <fields/>
                  </org.mule.common.metadata.MetaDataProperties>
                </entry>
                <entry>
                  <org.mule.common.metadata.MetaDataPropertyScope>FLOW</org.mule.common.metadata.MetaDataPropertyScope>
                  <org.mule.common.metadata.MetaDataProperties>
                    <fields/>
                  </org.mule.common.metadata.MetaDataProperties>
                </entry>
                <entry>
                  <org.mule.common.metadata.MetaDataPropertyScope>OUTBOUND</org.mule.common.metadata.MetaDataPropertyScope>
                  <org.mule.common.metadata.MetaDataProperties>
                    <fields/>
                  </org.mule.common.metadata.MetaDataProperties>
                </entry>
              </properties>
            </output>
          </org.mule.tooling.metadata.cache.DefaultMetadataCacheEntry>
        </entry>
        <entry>
          <string>UPDATE anz_matrimony.anz_userbasicdata
SET firstName=#[sessionVars.completedata.firstname],
 lastName=#[sessionVars.completedata.lastname],
 age=#[sessionVars.completedata.age],profileCompleteness=#[]
 WHERE userRef=#[flowVars.userrefData];</string>
          <org.mule.tooling.metadata.cache.DefaultMetadataCacheEntry>
            <output class="org.mule.common.metadata.DefaultMetaData">
              <payload class="org.mule.common.metadata.DefaultSimpleMetaDataModel">
                <dataType>DOUBLE</dataType>
                <metaDataModelPropertiesManager>
                  <properties/>
                </metaDataModelPropertiesManager>
              </payload>
              <properties>
                <entry>
                  <org.mule.common.metadata.MetaDataPropertyScope>INBOUND</org.mule.common.metadata.MetaDataPropertyScope>
                  <org.mule.common.metadata.MetaDataProperties>
                    <fields/>
                  </org.mule.common.metadata.MetaDataProperties>
                </entry>
                <entry>
                  <org.mule.common.metadata.MetaDataPropertyScope>RECORD</org.mule.common.metadata.MetaDataPropertyScope>
                  <org.mule.common.metadata.MetaDataProperties>
                    <fields/>
                  </org.mule.common.metadata.MetaDataProperties>
                </entry>
                <entry>
                  <org.mule.common.metadata.MetaDataPropertyScope>SESSION</org.mule.common.metadata.MetaDataPropertyScope>
                  <org.mule.common.metadata.MetaDataProperties>
                    <fields/>
                  </org.mule.common.metadata.MetaDataProperties>
                </entry>
                <entry>
                  <org.mule.common.metadata.MetaDataPropertyScope>FLOW</org.mule.common.metadata.MetaDataPropertyScope>
                  <org.mule.common.metadata.MetaDataProperties>
                    <fields/>
                  </org.mule.common.metadata.MetaDataProperties>
                </entry>
                <entry>
                  <org.mule.common.metadata.MetaDataPropertyScope>OUTBOUND</org.mule.common.metadata.MetaDataPropertyScope>
                  <org.mule.common.metadata.MetaDataProperties>
                    <fields/>
                  </org.mule.common.metadata.MetaDataProperties>
                </entry>
              </properties>
            </output>
          </org.mule.tooling.metadata.cache.DefaultMetadataCacheEntry>
        </entry>
        <entry>
          <string>UPDATE anz_matrimony.anz_userbasicdata
SET firstName=#[sessionVars.completedata.firstname],
 lastName=#[sessionVars.completedata.lastname],
 age=#[sessionVars.completedata.age],profileCompleteness=#[flowVars.basicProfilepercent],profileFor=#[sessiionVars.completedata.profileFor],religion=#[sessionVars.completedata.religion],modifiedOn=#[sessiionVars.completedata.modifiedOn],modifiedBy=#[sessionVars.completedata.modifiedBy]
 WHERE userRef=#[flowVars.userrefData];</string>
          <org.mule.tooling.metadata.cache.DefaultMetadataCacheEntry>
            <output class="org.mule.common.metadata.DefaultMetaData">
              <payload class="org.mule.common.metadata.DefaultSimpleMetaDataModel">
                <dataType>DOUBLE</dataType>
                <metaDataModelPropertiesManager>
                  <properties/>
                </metaDataModelPropertiesManager>
              </payload>
              <properties>
                <entry>
                  <org.mule.common.metadata.MetaDataPropertyScope>INBOUND</org.mule.common.metadata.MetaDataPropertyScope>
                  <org.mule.common.metadata.MetaDataProperties>
                    <fields/>
                  </org.mule.common.metadata.MetaDataProperties>
                </entry>
                <entry>
                  <org.mule.common.metadata.MetaDataPropertyScope>RECORD</org.mule.common.metadata.MetaDataPropertyScope>
                  <org.mule.common.metadata.MetaDataProperties>
                    <fields/>
                  </org.mule.common.metadata.MetaDataProperties>
                </entry>
                <entry>
                  <org.mule.common.metadata.MetaDataPropertyScope>SESSION</org.mule.common.metadata.MetaDataPropertyScope>
                  <org.mule.common.metadata.MetaDataProperties>
                    <fields/>
                  </org.mule.common.metadata.MetaDataProperties>
                </entry>
                <entry>
                  <org.mule.common.metadata.MetaDataPropertyScope>FLOW</org.mule.common.metadata.MetaDataPropertyScope>
                  <org.mule.common.metadata.MetaDataProperties>
                    <fields/>
                  </org.mule.common.metadata.MetaDataProperties>
                </entry>
                <entry>
                  <org.mule.common.metadata.MetaDataPropertyScope>OUTBOUND</org.mule.common.metadata.MetaDataPropertyScope>
                  <org.mule.common.metadata.MetaDataProperties>
                    <fields/>
                  </org.mule.common.metadata.MetaDataProperties>
                </entry>
              </properties>
            </output>
          </org.mule.tooling.metadata.cache.DefaultMetadataCacheEntry>
        </entry>
        <entry>
          <string>UPDATE anz_matrimony.anz_userbasicdata
SET profileFor=#[sessionVars.completedata.profileFor], 
firstName=#[sessionVars.completedata.firstName],
 lastName=#[sessionVars.completedata.lastName],
age=#[sessionVars.completedata.age],profileCompleteness=#[flowVars.basicProfilepercent],religion=#[sessionVars.completedata.religion],modifiedOn=#[sessionVars.completedata.modifiedOn],modifiedBy=#[sessionVars.completedata.modifiedBy],gender=#[sessionVars.completedata.gender]
 WHERE userRef=#[sessionVars.completedata.userRef];</string>
          <org.mule.tooling.metadata.cache.DefaultMetadataCacheEntry>
            <output class="org.mule.common.metadata.DefaultMetaData">
              <payload class="org.mule.common.metadata.DefaultSimpleMetaDataModel">
                <dataType>DOUBLE</dataType>
                <metaDataModelPropertiesManager>
                  <properties/>
                </metaDataModelPropertiesManager>
              </payload>
              <properties>
                <entry>
                  <org.mule.common.metadata.MetaDataPropertyScope>INBOUND</org.mule.common.metadata.MetaDataPropertyScope>
                  <org.mule.common.metadata.MetaDataProperties>
                    <fields/>
                  </org.mule.common.metadata.MetaDataProperties>
                </entry>
                <entry>
                  <org.mule.common.metadata.MetaDataPropertyScope>RECORD</org.mule.common.metadata.MetaDataPropertyScope>
                  <org.mule.common.metadata.MetaDataProperties>
                    <fields/>
                  </org.mule.common.metadata.MetaDataProperties>
                </entry>
                <entry>
                  <org.mule.common.metadata.MetaDataPropertyScope>SESSION</org.mule.common.metadata.MetaDataPropertyScope>
                  <org.mule.common.metadata.MetaDataProperties>
                    <fields/>
                  </org.mule.common.metadata.MetaDataProperties>
                </entry>
                <entry>
                  <org.mule.common.metadata.MetaDataPropertyScope>FLOW</org.mule.common.metadata.MetaDataPropertyScope>
                  <org.mule.common.metadata.MetaDataProperties>
                    <fields/>
                  </org.mule.common.metadata.MetaDataProperties>
                </entry>
                <entry>
                  <org.mule.common.metadata.MetaDataPropertyScope>OUTBOUND</org.mule.common.metadata.MetaDataPropertyScope>
                  <org.mule.common.metadata.MetaDataProperties>
                    <fields/>
                  </org.mule.common.metadata.MetaDataProperties>
                </entry>
              </properties>
            </output>
          </org.mule.tooling.metadata.cache.DefaultMetadataCacheEntry>
        </entry>
        <entry>
          <string>UPDATE anz_matrimony.anz_userprofiledata 
SET hobbies=#[sessionVars.completedata.hobbies],
  interests=#[sessionVars.completedata.interests],
 favouriteMusic=#[sessionVars.completedata.favouriteMusic],
 favouriteBooks=#[sessionVars.completedata.favouriteBooks],
 favouriteMovies=#[sessionVars.completedata.favouriteMovies],
 favouriteSports=#[sessionVars.completedata.favouriteSports],
 dob=#[sessionVars.completedata.DateofBirth], 
height=#[sessionVars.completedata.Height], 
weight=#[sessionVars.completedata.BodyWegiht], 
skinTone=#[sessionVars.completedata.SkinType], 
bodyType=#[sessionVars.completedata.BodyType],
 motherTounge=#[sessionVars.completedata.MotherTongue],
 diet=#[sessionVars.completedata.diet], 
drink=#[sessionVars.completedata.drink],
 smoke=#[sessionVars.completedata.Smoke], 
maritalStatus=#[sessionVars.completedata.MaritalStatus],
nativePlace=#[sessionVars.completedata.nativePlace],
  fatherStatus=#[sessionVars.completedata.fatherStatus],
 motherStatus=#[sessionVars.completedata.motherStatus],
 sibblings=#[sessionVars.completedata.sibblings],
religion=#[sessionVars.completedata.religion],
 community=#[sessionVars.completedata.community], 
 subCommunity=#[sessionVars.completedata.subCommunity],
 gothra=#[sessionVars.completedata.gothra], 
zodiacSign=#[sessionVars.completedata.zodiacSign],

highestEducation=#[sessionVars.completedata.highestEducation],
college=#[sessionVars.completedata.college],

workingWith=#[sessionVars.completedata.workingWith],
workingAs=#[sessionVars.completedata.workingAs], 
annualIncome=#[sessionVars.completedata.annualIncome], 
workingLocation=#[sessionVars.completedata.workingLocation],

mobileNumber=#[sessionVars.completedata.mobileNumber],
 facebookId=#[sessionVars.completedata.facebookId],
linkedinId=#[sessionVars.completedata.linkedinId],
googleplusId=#[sessionVars.completedata.googleplusId],
twitterId=#[sessionVars.completedata.twitterId],
homePhone=#[sessionVars.completedata.homePhone],
profileCompleteness=#[]

WHERE userRef=#[flowVars.userrefData];</string>
          <org.mule.tooling.metadata.cache.DefaultMetadataCacheEntry>
            <output class="org.mule.common.metadata.DefaultMetaData">
              <payload class="org.mule.common.metadata.DefaultSimpleMetaDataModel">
                <dataType>DOUBLE</dataType>
                <metaDataModelPropertiesManager>
                  <properties/>
                </metaDataModelPropertiesManager>
              </payload>
              <properties>
                <entry>
                  <org.mule.common.metadata.MetaDataPropertyScope>INBOUND</org.mule.common.metadata.MetaDataPropertyScope>
                  <org.mule.common.metadata.MetaDataProperties>
                    <fields/>
                  </org.mule.common.metadata.MetaDataProperties>
                </entry>
                <entry>
                  <org.mule.common.metadata.MetaDataPropertyScope>RECORD</org.mule.common.metadata.MetaDataPropertyScope>
                  <org.mule.common.metadata.MetaDataProperties>
                    <fields/>
                  </org.mule.common.metadata.MetaDataProperties>
                </entry>
                <entry>
                  <org.mule.common.metadata.MetaDataPropertyScope>SESSION</org.mule.common.metadata.MetaDataPropertyScope>
                  <org.mule.common.metadata.MetaDataProperties>
                    <fields/>
                  </org.mule.common.metadata.MetaDataProperties>
                </entry>
                <entry>
                  <org.mule.common.metadata.MetaDataPropertyScope>FLOW</org.mule.common.metadata.MetaDataPropertyScope>
                  <org.mule.common.metadata.MetaDataProperties>
                    <fields/>
                  </org.mule.common.metadata.MetaDataProperties>
                </entry>
                <entry>
                  <org.mule.common.metadata.MetaDataPropertyScope>OUTBOUND</org.mule.common.metadata.MetaDataPropertyScope>
                  <org.mule.common.metadata.MetaDataProperties>
                    <fields/>
                  </org.mule.common.metadata.MetaDataProperties>
                </entry>
              </properties>
            </output>
          </org.mule.tooling.metadata.cache.DefaultMetadataCacheEntry>
        </entry>
        <entry>
          <string>UPDATE anz_matrimony.anz_userprofiledata 
SET hobbies=#[sessionVars.completedata.hobbies],
  intrests=#[sessionVars.completedata.interests],
 favouriteMusic=#[sessionVars.completedata.favouriteMusic],
 favouriteBooks=#[sessionVars.completedata.favouriteBooks],
 favouriteMovies=#[sessionVars.completedata.favouriteMovies],
 favouriteSports=#[sessionVars.completedata.favouriteSports],
 dob=#[sessionVars.completedata.DateofBirth], 
height=#[sessionVars.completedata.Height], 
weight=#[sessionVars.completedata.BodyWegiht], 
skintone=#[sessionVars.completedata.SkinType], 
bodyType=#[sessionVars.completedata.BodyType],
 motherTounge=#[sessionVars.completedata.MotherTongue],
 diet=#[sessionVars.completedata.diet], 
drink=#[sessionVars.completedata.drink],
 smoke=#[sessionVars.completedata.Smoke], 
maritalStatus=#[sessionVars.completedata.MaritalStatus],
nativePlace=#[sessionVars.completedata.nativePlace],
  fatherStatus=#[sessionVars.completedata.fatherStatus],
 motherStatus=#[sessionVars.completedata.motherStatus],
 sibblings=#[sessionVars.completedata.sibblings],
religion=#[sessionVars.completedata.religion],
 community=#[sessionVars.completedata.community], 
 subCommunity=#[sessionVars.completedata.subCommunity],
 gothra=#[sessionVars.completedata.gothra], 
zodiacSign=#[sessionVars.completedata.zodiacSign],

highestEducation=#[sessionVars.completedata.highestEducation]
college=#[sessionVars.completedata.college],

workingWith=#[sessionVars.completedata.workingWith],
workingAs=#[sessionVars.completedata.workingAs], 
annualIncome=#[sessionVars.completedata.annualIncome], 
workingLocation=#[sessionVars.completedata.workingLocation],

mobileNumber=#[sessionVars.completedata.mobileNumber],
 facebookId=#[sessionVars.completedata.facebookId],
linkedinId=#[sessionVars.completedata.linkedinId],
googleplusId=#[sessionVars.completedata.googleplusId],
twitterId=#[sessionVars.completedata.twitterId] 

WHERE userRef=#[flowVars.headerPost.userRef];</string>
          <org.mule.tooling.metadata.cache.DefaultMetadataCacheEntry>
            <output class="org.mule.common.metadata.DefaultMetaData">
              <payload class="org.mule.common.metadata.DefaultSimpleMetaDataModel">
                <dataType>DOUBLE</dataType>
                <metaDataModelPropertiesManager>
                  <properties/>
                </metaDataModelPropertiesManager>
              </payload>
              <properties>
                <entry>
                  <org.mule.common.metadata.MetaDataPropertyScope>INBOUND</org.mule.common.metadata.MetaDataPropertyScope>
                  <org.mule.common.metadata.MetaDataProperties>
                    <fields/>
                  </org.mule.common.metadata.MetaDataProperties>
                </entry>
                <entry>
                  <org.mule.common.metadata.MetaDataPropertyScope>RECORD</org.mule.common.metadata.MetaDataPropertyScope>
                  <org.mule.common.metadata.MetaDataProperties>
                    <fields/>
                  </org.mule.common.metadata.MetaDataProperties>
                </entry>
                <entry>
                  <org.mule.common.metadata.MetaDataPropertyScope>SESSION</org.mule.common.metadata.MetaDataPropertyScope>
                  <org.mule.common.metadata.MetaDataProperties>
                    <fields/>
                  </org.mule.common.metadata.MetaDataProperties>
                </entry>
                <entry>
                  <org.mule.common.metadata.MetaDataPropertyScope>FLOW</org.mule.common.metadata.MetaDataPropertyScope>
                  <org.mule.common.metadata.MetaDataProperties>
                    <fields/>
                  </org.mule.common.metadata.MetaDataProperties>
                </entry>
                <entry>
                  <org.mule.common.metadata.MetaDataPropertyScope>OUTBOUND</org.mule.common.metadata.MetaDataPropertyScope>
                  <org.mule.common.metadata.MetaDataProperties>
                    <fields/>
                  </org.mule.common.metadata.MetaDataProperties>
                </entry>
              </properties>
            </output>
          </org.mule.tooling.metadata.cache.DefaultMetadataCacheEntry>
        </entry>
      </map>
    </entry>
  </metadataIo>
</metadata__cache__entry>