<?xml version="1.0" encoding="UTF-8"?>
<mule xmlns:tracking="http://www.mulesoft.org/schema/mule/ee/tracking" xmlns:validation="http://www.mulesoft.org/schema/mule/validation" xmlns:json="http://www.mulesoft.org/schema/mule/json"
	xmlns:doc="http://www.mulesoft.org/schema/mule/documentation" xmlns="http://www.mulesoft.org/schema/mule/core" xmlns:apikit="http://www.mulesoft.org/schema/mule/apikit" xmlns:http="http://www.mulesoft.org/schema/mule/http" xmlns:spring="http://www.springframework.org/schema/beans" xmlns:xsi="http://www.w3.org/2001/XMLSchema-instance" xsi:schemaLocation="http://www.mulesoft.org/schema/mule/json http://www.mulesoft.org/schema/mule/json/current/mule-json.xsd
http://www.mulesoft.org/schema/mule/core http://www.mulesoft.org/schema/mule/core/current/mule.xsd
http://www.mulesoft.org/schema/mule/http http://www.mulesoft.org/schema/mule/http/current/mule-http.xsd
http://www.mulesoft.org/schema/mule/apikit http://www.mulesoft.org/schema/mule/apikit/current/mule-apikit.xsd
http://www.springframework.org/schema/beans http://www.springframework.org/schema/beans/spring-beans-3.1.xsd
http://www.mulesoft.org/schema/mule/validation http://www.mulesoft.org/schema/mule/validation/current/mule-validation.xsd
http://www.mulesoft.org/schema/mule/ee/tracking http://www.mulesoft.org/schema/mule/ee/tracking/current/mule-tracking-ee.xsd">
    <http:listener-config name="api-httpListenerConfig" host="0.0.0.0" port="${http.port}" doc:name="HTTP Listener Configuration"/>
    <apikit:config name="api-config" raml="api.raml" consoleEnabled="false" doc:name="Router"/>
    <http:request-config name="HTTP_Request_Configuration_User_info" host="${http.host}" port="${http.port1}" basePath="${http.basepath}" doc:name="HTTP Request Configuration"/>
    <http:request-config name="HTTP_Request_Configuration_user_search" host="${http.host}" port="${http.port1}" basePath="${http.basepath1}" doc:name="HTTP Request Configuration"/>
    <validation:config name="Validation_Configuration" doc:name="Validation Configuration"/>
    <spring:beans>
        <spring:bean id="Bean" name="Bean" scope="global session"/>
    </spring:beans>
    <flow name="api-main">
        <http:listener config-ref="api-httpListenerConfig" path="/api/*" doc:name="HTTP">
            <http:response-builder>
                <http:header headerName="Access-Control-Allow-Origin" value="*"/>
            </http:response-builder>
        </http:listener>
        <apikit:router config-ref="api-config" doc:name="APIkit Router"/>
        <exception-strategy ref="api-apiKitGlobalExceptionMapping" doc:name="Reference Exception Strategy"/>
    </flow>
    <flow name="api-console">
        <http:listener config-ref="api-httpListenerConfig" path="/console/*" doc:name="HTTP"/>
        <apikit:console config-ref="api-config" doc:name="APIkit Console"/>
    </flow>
    <flow name="get:/PartnerSearchDetails:api-config">
        <flow-ref name="validationFlow" doc:name="validationFlow"/>
        <choice doc:name="Choice">
            <when expression="#[sessionVars.choice!='ok']">
                <json:json-to-object-transformer returnClass="java.lang.Object" doc:name="JSON to Object"/>
                <set-variable doc:name="user_ref" value="#[message.inboundProperties.'http.query.params']" variableName="user_ref"/>
        <http:request config-ref="HTTP_Request_Configuration_user_search" path="/{userRef}" method="GET" doc:name="HTTP_user_search">
            <http:request-builder>
                        <http:uri-param paramName="userRef" value="#[flowVars.user_ref.userRef]"/>

            </http:request-builder>
        </http:request>
        <json:json-to-object-transformer returnClass="java.lang.Object" doc:name="JSON to Object"/>
        <set-variable variableName="mySource" value="#[payload._source]" doc:name="mySource"/>

     <set-payload value=" {   &quot;guid&quot;: &quot;#[flowVars.user_ref.guid]&quot;,   &quot;responsedatetime&quot;: &quot;#[server.dateTime.format('MM/dd/yyyy,HH:mm:ss')]&quot;,   &quot;responsefrom&quot;: &quot;&quot;,   &quot;geoLocation&quot;: &quot;#[flowVars.user_ref.geoLocation]&quot;  }" doc:name="Set Payload"/>
        <json:json-to-object-transformer returnClass="java.lang.Object" doc:name="JSON to Object"/>
        <set-variable variableName="payloadData" value="#[payload]" doc:name="payloadData"/>
        <expression-transformer mimeType="application/json" expression="#[[  {'header': flowVars.payloadData},{  'body': flowVars.mySource} ]]" doc:name="Expression"/>
        <json:object-to-json-transformer doc:name="Object to JSON"/>
        <logger level="INFO" doc:name="Logger" message="#[payload]"/>
            </when>
            <otherwise>
                <logger level="INFO" doc:name="Logger"/>
            </otherwise>
        </choice>

       

    </flow>
    <flow name="validationFlow">
        <validation:all config-ref="Validation_Configuration" doc:name="Validation">
            <validation:validations>
                <validation:is-not-empty value="#[message.inboundProperties.'http.query.params'.requestedFrom]" message="{&quot;message&quot;:&quot;requestFrom is required&quot;}"/>
                <validation:is-not-empty value="#[message.inboundProperties.'http.query.params'.requestedOn]" message="{&quot;message&quot;:&quot;requestOn is required&quot;}"/>
                <validation:is-not-empty value="#[message.inboundProperties.'http.query.params'.guid]" message="{&quot;message&quot;:&quot;guid is required&quot;}"/>
                <validation:is-not-empty value="#[message.inboundProperties.'http.query.params'.geoLocation]" message="{&quot;message&quot;:&quot;geoLocation is required&quot;}"/>
                <validation:is-not-empty value="#[message.inboundProperties.'http.query.params'.userRef]" message="{&quot;message&quot;:&quot;user_ref is required&quot;}"/>
            </validation:validations>
        </validation:all>
        <catch-exception-strategy doc:name="Catch Exception Strategy">
            <set-property propertyName="http.status" value="400" doc:name="Property"/>
            <set-payload value="#['error:'+''+exception]" doc:name="Set Payload"/>
            <set-session-variable variableName="choice" value="ok" doc:name="Session Variable"/>
        </catch-exception-strategy>
    </flow>
    <flow name="post:/PartnerSearch:api-config">
         <json:json-to-object-transformer returnClass="java.lang.Object" doc:name="JSON to Object"/>
        <flow-ref name="validationFlow2" doc:name="validationFlow2"/>
        <choice doc:name="Choice">
            <when expression="#[sessionVars.choice!='ok']">
               <set-variable variableName="match" value="#[payload]" doc:name="match"/>
        <set-payload value="#[flowVars.match.body]" doc:name="Set Payload"/>
        <json:object-to-json-transformer doc:name="Object to JSON"/>

        <http:request config-ref="HTTP_Request_Configuration_user_search" path="/{userRef}" method="POST" doc:name="HTTP_user_search">
            <http:request-builder>
                        <http:uri-param paramName="userRef" value="#[flowVars.match.body.userRef]"/>



            </http:request-builder>
        </http:request>
        <set-payload value="{ &quot;query&quot;: { &quot;bool&quot;: { &quot;filter&quot; : [{ &quot;range&quot; : {  &quot;age&quot; : {     &quot;gte&quot;: &quot;#[flowVars.match.body.Min_Age]&quot;,       &quot;lte&quot;: &quot;#[flowVars.match.body.Max_Age]&quot;     }    }   },{ &quot;range&quot; :{&quot;profileCompleteness&quot; : {     &quot;gte&quot;: 24,       &quot;lte&quot;: 100     }    }   },{     &quot;range&quot; : {     &quot;height&quot;: { &quot;gte&quot;: &quot;#[flowVars.match.body.Min_Height]&quot;,       &quot;lte&quot;: &quot;#[flowVars.match.body.Max_Height]&quot; }   }}],  &quot;must&quot;: [   {     &quot;match&quot;: {     &quot;gender&quot;: &quot;#[flowVars.match.body.Gender]&quot;     }}, {     &quot;match&quot;: {      &quot;religion&quot;: &quot;#[flowVars.match.body.religion]&quot;     }    }],  &quot;should&quot;: [{     &quot;match&quot;: {      &quot;diet&quot;: &quot;#[flowVars.match.body.diet]&quot;     }    }, {     &quot;match&quot;: {      &quot;workingType&quot;: &quot;#[flowVars.match.body.workingType]&quot;     }    }, {     &quot;match&quot;: {      &quot;workingAs&quot;: &quot;#[flowVars.match.body.Profession]&quot;     }    }, {     &quot;match&quot;: {      &quot;annualIncome&quot;: &quot;#[flowVars.match.body.annualIncome]&quot;     }    }, {     &quot;match&quot;: {      &quot;bodyType&quot;: &quot;#[flowVars.match.body.bodyType]&quot;     }    }, {     &quot;match&quot;: {      &quot;maritalStatus&quot;: &quot;#[flowVars.match.body.maritalStatus]&quot;     }    }, {     &quot;match&quot;: {      &quot;community&quot;: &quot;#[flowVars.match.body.community]&quot;     }    }, {     &quot;match&quot;: {      &quot;drink&quot;: &quot;#[flowVars.match.body.drink]&quot;     }    }, {     &quot;match&quot;: {      &quot;subCommunity&quot;: &quot;#[flowVars.match.body.subCommunity]&quot;     }    }, {     &quot;match&quot;: {      &quot;highestEducation&quot;: &quot;#[flowVars.match.body.highestEducation]&quot;     }    }, {     &quot;match&quot;: {      &quot;country&quot;: &quot;#[flowVars.match.body.country]&quot;     }    }, {     &quot;match&quot;: {      &quot;state&quot;: &quot;#[flowVars.match.body.state]&quot;     }    }, {     &quot;match&quot;: {      &quot;smoke&quot;: &quot;#[flowVars.match.body.smoke]&quot;     }    }, {     &quot;match&quot;: {      &quot;skinTone&quot;: &quot;#[flowVars.match.body.skinTone]&quot;     }    }, {     &quot;match&quot;: {      &quot;nativePlace&quot;: &quot;#[flowVars.match.body.nativePlace]&quot;     }    }, {     &quot;match&quot;: {      &quot;originState&quot;: &quot;#[flowVars.match.body.originState]&quot;     }    }, {     &quot;match&quot;: {      &quot;originCountry&quot;: &quot;#[flowVars.match.body.originCountry]&quot;     }    }, {     &quot;match&quot;: {      &quot;profileFor&quot;: &quot;#[flowVars.match.body.profileFor]&quot;     }    }] }},&quot;size&quot;:&quot;60&quot;,&quot;_source&quot;:[&quot;firstName&quot;,&quot;lastName&quot;,&quot;age&quot;,&quot;height&quot;,&quot;userRef&quot;,&quot;profileCompleteness&quot;]}" doc:name="Set Payload"/>
        <json:object-to-json-transformer doc:name="Object to JSON"/>
        <http:request config-ref="HTTP_Request_Configuration_User_info" path="/_search" method="POST" doc:name="HTTP_User_info"/>
        <json:json-to-object-transformer returnClass="java.lang.Object" doc:name="JSON to Object"/>

        <set-variable variableName="mySource" value="#[[]]" doc:name="mySource"/>
        <enricher source="#[(_source in payload.hits.hits)]" target="#[flowVars.mySource]" doc:name="Message Enricher">
            <json:json-to-object-transformer returnClass="java.util.HashMap" doc:name="JSON to Object"/>
        </enricher>
        <set-payload value=" {   &quot;guid&quot;: &quot;#[flowVars.match.header.guid]&quot;,   &quot;responsedatetime&quot;: &quot;#[server.dateTime.format('MM/dd/yyyy,HH:mm:ss')]&quot;,   &quot;responsefrom&quot;: &quot;&quot;,   &quot;geoLocation&quot;: &quot;#[flowVars.match.header.geoLocation]&quot;  }" doc:name="Set Payload"/>
        <json:json-to-object-transformer returnClass="java.lang.Object" doc:name="JSON to Object"/>
        <set-variable variableName="payloadData" value="#[payload]" doc:name="payloadData"/>
        <expression-transformer mimeType="application/json" expression="#[[{'header': flowVars.payloadData, 'body': flowVars.mySource}]]" doc:name="Expression"/>
        <json:object-to-json-transformer doc:name="Object to JSON"/>

        <logger level="INFO" doc:name="Logger" message="#[flowVars.size]"/>
            </when>
            <otherwise>
                <logger message="bad" level="INFO" doc:name="Logger"/>
            </otherwise>
        </choice>

        

    </flow>
    <flow name="validationFlow2">
        <validation:all config-ref="Validation_Configuration" doc:name="Validation">
            <validation:validations>
                <validation:is-not-empty value="#[payload.body.Min_Height]" message="{&quot;message&quot;:&quot;Min_Heighte is required&quot;}"/>
                <validation:is-not-empty value="#[payload.body.Min_Age]" message="{&quot;message&quot;:&quot;min age is required&quot;}"/>
                <validation:is-not-empty value="#[payload.body.religion]" message="{&quot;message&quot;:&quot;religion is required&quot;}"/>
                <validation:is-not-empty value="#[payload.header]" message="{&quot;message&quot;:&quot;header is required&quot;}"/>
                <validation:is-not-empty value="#[payload.body.Gender]" message="{&quot;message&quot;:&quot;Gender is required&quot;}"/>
                <validation:is-not-empty value="#[payload.header.guid]" message="{&quot;message&quot;:&quot;guid is required&quot;}"/>
                <validation:is-not-empty value="#[payload.header.requestedOn]" message="{&quot;message&quot;:&quot;requestedOn is required&quot;}"/>
                <validation:is-not-empty value="#[payload.header.requestedFrom]" message="{&quot;message&quot;:&quot;requestedFrom is required&quot;}"/>
                <validation:is-not-empty value="#[payload.header.userRef]" message="{&quot;message&quot;:&quot;userref is required&quot;}"/>
                <validation:is-not-empty value="#[payload.header.geoLocation]" message="{&quot;message&quot;:&quot;geoLocation is required&quot;}"/>
                <validation:is-not-empty value="#[payload.body.Max_Height]" message="&quot;Max_Height is required&quot;"/>
                <validation:is-not-empty value="#[payload.body.Max_Age]" message="&quot;Max age is required&quot;"/>
                <validation:is-not-empty value="#[payload.body]" message="&quot;body is required&quot;"/>
            </validation:validations>
        </validation:all>
        <catch-exception-strategy doc:name="Catch Exception Strategy">
            <set-property propertyName="http.status" value="400" doc:name="Property"/>
            <set-payload value="#['error:'+''+exception]" doc:name="Set Payload"/>
            <set-session-variable variableName="choice" value="ok" doc:name="Session Variable"/>
        </catch-exception-strategy>
    </flow>

    
    <apikit:mapping-exception-strategy name="api-apiKitGlobalExceptionMapping">

        <apikit:mapping statusCode="404">
            <apikit:exception value="org.mule.module.apikit.exception.NotFoundException" />
            <set-property propertyName="Content-Type" value="application/json" doc:name="Property"/>
            <set-payload value="{ &quot;message&quot;: &quot;Resource not found&quot; }" doc:name="Set Payload"/>
        </apikit:mapping>
        <apikit:mapping statusCode="405">
            <apikit:exception value="org.mule.module.apikit.exception.MethodNotAllowedException" />
            <set-property propertyName="Content-Type" value="application/json" doc:name="Property"/>
            <set-payload value="{ &quot;message&quot;: &quot;Method not allowed&quot; }" doc:name="Set Payload"/>
        </apikit:mapping>
        <apikit:mapping statusCode="415">
            <apikit:exception value="org.mule.module.apikit.exception.UnsupportedMediaTypeException" />
            <set-property propertyName="Content-Type" value="application/json" doc:name="Property"/>
            <set-payload value="{ &quot;message&quot;: &quot;Unsupported media type&quot; }" doc:name="Set Payload"/>
        </apikit:mapping>
        <apikit:mapping statusCode="406">
            <apikit:exception value="org.mule.module.apikit.exception.NotAcceptableException" />
            <set-property propertyName="Content-Type" value="application/json" doc:name="Property"/>
            <set-payload value="{ &quot;message&quot;: &quot;Not acceptable&quot; }" doc:name="Set Payload"/>
        </apikit:mapping>
        <apikit:mapping statusCode="400">
            <apikit:exception value="org.mule.module.apikit.exception.BadRequestException" />
            <set-property propertyName="Content-Type" value="application/json" doc:name="Property"/>
            <set-payload value="{ &quot;message&quot;: &quot;Bad request&quot; }" doc:name="Set Payload"/>
        </apikit:mapping>
    </apikit:mapping-exception-strategy>
</mule>
