<?xml version="1.0" encoding="UTF-8"?>
<mule xmlns:tracking="http://www.mulesoft.org/schema/mule/ee/tracking" xmlns:validation="http://www.mulesoft.org/schema/mule/validation" xmlns:db="http://www.mulesoft.org/schema/mule/db"
	xmlns:json="http://www.mulesoft.org/schema/mule/json"
	xmlns:doc="http://www.mulesoft.org/schema/mule/documentation" xmlns="http://www.mulesoft.org/schema/mule/core" xmlns:apikit="http://www.mulesoft.org/schema/mule/apikit" xmlns:http="http://www.mulesoft.org/schema/mule/http" xmlns:spring="http://www.springframework.org/schema/beans" xmlns:xsi="http://www.w3.org/2001/XMLSchema-instance" xsi:schemaLocation="http://www.mulesoft.org/schema/mule/db http://www.mulesoft.org/schema/mule/db/current/mule-db.xsd
http://www.mulesoft.org/schema/mule/json http://www.mulesoft.org/schema/mule/json/current/mule-json.xsd
http://www.mulesoft.org/schema/mule/core http://www.mulesoft.org/schema/mule/core/current/mule.xsd
http://www.mulesoft.org/schema/mule/http http://www.mulesoft.org/schema/mule/http/current/mule-http.xsd
http://www.mulesoft.org/schema/mule/apikit http://www.mulesoft.org/schema/mule/apikit/current/mule-apikit.xsd
http://www.springframework.org/schema/beans http://www.springframework.org/schema/beans/spring-beans-3.1.xsd
http://www.mulesoft.org/schema/mule/validation http://www.mulesoft.org/schema/mule/validation/current/mule-validation.xsd
http://www.mulesoft.org/schema/mule/ee/tracking http://www.mulesoft.org/schema/mule/ee/tracking/current/mule-tracking-ee.xsd">
    <http:listener-config name="anz_emailConfirmation_operations-httpListenerConfig" host="0.0.0.0" port="3002" doc:name="HTTP Listener Configuration"/>
    <apikit:config name="anz_emailConfirmation_operations-config" raml="anz_emailConfirmation_operations.raml" consoleEnabled="false" doc:name="Router"/>
    <db:mysql-config name="MySQL_Configuration" host="${host}" port="${db.port}" user="${db.user}" password="${db.password}" database="${database}" doc:name="MySQL Configuration"/>
    <validation:config name="Validation_Configuration" doc:name="Validation Configuration"/>
    <http:request-config name="HTTP_Request_Configuration" host="${host}" port="${es.port}" basePath="${es.basePath}" doc:name="HTTP Request Configuration"/>
    <flow name="anz_emailConfirmation_operations-main">
        <http:listener config-ref="anz_emailConfirmation_operations-httpListenerConfig" path="/api/*" doc:name="HTTP">
            <http:response-builder>
                <http:header headerName="Access-Control-Allow-Origin" value="*"/>
            </http:response-builder>
        </http:listener>
        <apikit:router config-ref="anz_emailConfirmation_operations-config" doc:name="APIkit Router"/>
        <exception-strategy ref="anz_emailConfirmation_operations-apiKitGlobalExceptionMapping" doc:name="Reference Exception Strategy"/>
    </flow>
    <flow name="anz_emailConfirmation_operations-console">
        <http:listener config-ref="anz_emailConfirmation_operations-httpListenerConfig" path="/console/*" doc:name="HTTP"/>
        <apikit:console config-ref="anz_emailConfirmation_operations-config" doc:name="APIkit Console"/>
    </flow>
    <flow name="post:/emailConfirmation:anz_emailConfirmation_operations-config">
     <json:json-to-object-transformer returnClass="java.lang.Object" doc:name="JSON to Object"/>
        <flow-ref name="anz_emailConfirmation_operationsFlow" doc:name="anz_emailConfirmation_operationsFlow"/>
        <choice doc:name="Choice">
            <when expression="#[flowVars.condition!='1']">
                <set-variable variableName="mailvar" value="#[payload]" doc:name="Variable"/>
                <set-variable variableName="confirmmail" value="#[payload.body]" doc:name="Variable"/>
                <set-session-variable variableName="confirmstr" value="#[flowVars.confirmmail.confirmationMail.split('=')[1]]" doc:name="Session Variable"/>
                <db:select config-ref="MySQL_Configuration" doc:name="Database">
                    <db:parameterized-query><![CDATA[select emailConfirmationStatus from anz_emailconfirmation where confirmationString=#[sessionVars.confirmstr]]]></db:parameterized-query>
                </db:select>
                <choice doc:name="Choice">
                    <when expression="#[payload[0].emailConfirmationStatus!='confirmed']">
                        <db:select config-ref="MySQL_Configuration" doc:name="Database">
                            <db:parameterized-query><![CDATA[SELECT COUNT(*) count FROM anz_emailconfirmation where confirmationString=#[sessionVars.confirmstr]]]></db:parameterized-query>
                        </db:select>
                        <choice doc:name="Choice">
                            <when expression="#[payload[0].count=='1']">
                                <db:update config-ref="MySQL_Configuration" doc:name="Database">
                                    <db:parameterized-query><![CDATA[UPDATE anz_emailconfirmation
SET emailConfirmationStatus='confirmed' 
where confirmationString=#[sessionVars.confirmstr];]]></db:parameterized-query>
                                </db:update>
                                <flow-ref name="anz_emailConfirmation_operationsFlow1" doc:name="anz_emailConfirmation_operationsFlow1"/>
                                <set-payload value="{  &quot;header&quot;: {   &quot;guid&quot;: &quot;#[flowVars.mailvar.header.guid]&quot;,   &quot;responseOn&quot;: &quot;#[server.dateTime.withTimeZone('GMT+5:30').format('MM/dd/yyyy,HH:mm:ss')]&quot;,   &quot;responseFrom&quot;: &quot;#[flowVars.mailvar.header.requestedFrom]&quot;,    &quot;geoLocation&quot;: &quot;#[flowVars.mailvar.header.geoLocation]&quot;,   &quot;status&quot;: &quot;success&quot;,   &quot;statusCode&quot;: &quot;0&quot;  },  &quot;body&quot;: {   &quot;message&quot;: &quot;confirmed&quot;  } }" mimeType="application/json" doc:name="Set Payload"/>
                            </when>
                            <otherwise>
                                <set-payload value="{  &quot;header&quot;: {   &quot;guid&quot;: &quot;#[flowVars.mailvar.header.guid]&quot;,   &quot;responseOn&quot;: &quot;#[flowVars.mailvar.header.requestedOn]&quot;,   &quot;responseFrom&quot;: &quot;#[flowVars.mailvar.header.requestedFrom]&quot;,   &quot;geoLocation&quot;: &quot;#[flowVars.mailvar.header.geoLocation]&quot;,   &quot;status&quot;: &quot;error&quot;,   &quot;statusCode&quot;: &quot;-1&quot;  },  &quot;body&quot;: {   &quot;message&quot;: &quot;failed&quot;  } }" doc:name="Set Payload" mimeType="application/json"/>
                            </otherwise>
                        </choice>
                    </when>
                    <otherwise>
                        <set-payload value="{  &quot;header&quot;: {   &quot;guid&quot;: &quot;#[flowVars.mailvar.header.guid]&quot;,   &quot;responseOn&quot;: &quot;#[flowVars.mailvar.header.requestedOn]&quot;,   &quot;responseFrom&quot;: &quot;#[flowVars.mailvar.header.requestedFrom]&quot;,     &quot;geoLocation&quot;: &quot;#[flowVars.mailvar.header.geoLocation]&quot;  },  &quot;body&quot;: {   &quot;message&quot;: &quot;you are already confirmed&quot;  } }" doc:name="Set Payload" mimeType="application/json"/>
                    </otherwise>
                </choice>
            </when>
            <otherwise>
                <logger level="INFO" doc:name="Logger"/>
            </otherwise>
        </choice>

    </flow>
    <flow name="anz_emailConfirmation_operationsFlow1">
        <json:json-to-object-transformer doc:name="JSON to Object"/>
        <db:select config-ref="MySQL_Configuration" doc:name="Database">
            <db:parameterized-query><![CDATA[select userRef from anz_emailconfirmation where confirmationString=#[sessionVars.confirmstr]]]></db:parameterized-query>
        </db:select>
        <set-variable variableName="userref" value="#[payload[0].userRef]" doc:name="Variable"/>
        <http:request config-ref="HTTP_Request_Configuration" path="/{userRef}" method="GET" doc:name="HTTP">
            <http:request-builder>
                <http:uri-param paramName="userRef" value="#[flowVars.userref]"/>
            </http:request-builder>
        </http:request>
        <json:json-to-object-transformer returnClass="java.lang.Object" doc:name="JSON to Object"/>
        <set-payload value="#[payload._source]" doc:name="Set Payload"/>
        <set-variable variableName="esmailpercent" value="#[payload.profileCompleteness+10]" doc:name="Variable"/>
        <db:update config-ref="MySQL_Configuration" doc:name="Database">
            <db:parameterized-query><![CDATA[UPDATE anz_userbasicdata
SET profileCompleteness=#[flowVars.esmailpercent] 
WHERE userRef=#[flowVars.userRef];]]></db:parameterized-query>
        </db:update>
        <set-payload value="{ &quot;doc&quot; : { &quot;profileCompleteness&quot; : #[flowVars.esmailpercent] } }" doc:name="Set Payload"/>
        <http:request config-ref="HTTP_Request_Configuration" path="/{userRef}/_update" method="POST" doc:name="HTTP">
            <http:request-builder>
                <http:uri-param paramName="userRef" value="#[flowVars.userRef]"/>
            </http:request-builder>
        </http:request>
    </flow>
    <flow name="anz_emailConfirmation_operationsFlow">
        <validation:all config-ref="Validation_Configuration" doc:name="Validation">
            <validation:validations>
                <validation:is-not-empty value="#[payload.header.guid]" message="{&quot;message&quot;:&quot;guid should not be empty&quot;}"/>
                <validation:is-not-empty value="#[payload.header.requestedFrom]" message="{&quot;message&quot;:&quot;requestedFrom should not be empty&quot;}"/>
                <validation:is-not-empty value="#[payload.body]" message="{&quot;message&quot;:&quot;body should not be empty&quot;}"/>
                <validation:is-not-empty value="#[payload.header.geoLocation]" message="{&quot;message&quot;:&quot;geolocation is required&quot;}"/>
                <validation:is-not-empty value="#[payload.body.confirmationMail]" message="{&quot;message&quot;:&quot;confirmationMail is required&quot;}"/>
                <validation:is-not-empty value="#[payload.header.requestedOn]" message="{&quot;message&quot;:&quot;requestedOn should not be empty&quot;}"/>
                <validation:is-not-empty value="#[payload.header]" message="{&quot;message&quot;:&quot;header should not be empty&quot;}"/>
            </validation:validations>
        </validation:all>
        <catch-exception-strategy doc:name="Catch Exception Strategy">
            <set-property propertyName="http.status" value="400" doc:name="Property"/>
            <set-payload value="#['error:'+'\t'+exception]" doc:name="Set Payload"/>
            <set-variable variableName="condition" value="1" doc:name="Variable"/>
        </catch-exception-strategy>
    </flow>

    <apikit:mapping-exception-strategy name="anz_emailConfirmation_operations-apiKitGlobalExceptionMapping">
        <apikit:mapping statusCode="404">
            <apikit:exception value="org.mule.module.apikit.exception.NotFoundException" />
            <set-property propertyName="Content-Type" value="application/json" doc:name="Property"/>
            <set-payload value="{ &quot;message&quot;: &quot;Resource not found&quot; }" doc:name="Set Payload"/>
        </apikit:mapping>
        <apikit:mapping statusCode="405">
            <apikit:exception value="org.mule.module.apikit.exception.MethodNotAllowedException" />
            <set-property propertyName="Content-Type" value="application/json" doc:name="Property"/>
            <set-payload value="{ &quot;message&quot;: &quot;Method not allowed&quot; }" doc:name="Set Payload"/>
        </apikit:mapping>
        <apikit:mapping statusCode="415">
            <apikit:exception value="org.mule.module.apikit.exception.UnsupportedMediaTypeException" />
            <set-property propertyName="Content-Type" value="application/json" doc:name="Property"/>
            <set-payload value="{ &quot;message&quot;: &quot;Unsupported media type&quot; }" doc:name="Set Payload"/>
        </apikit:mapping>
        <apikit:mapping statusCode="406">
            <apikit:exception value="org.mule.module.apikit.exception.NotAcceptableException" />
            <set-property propertyName="Content-Type" value="application/json" doc:name="Property"/>
            <set-payload value="{ &quot;message&quot;: &quot;Not acceptable&quot; }" doc:name="Set Payload"/>
        </apikit:mapping>
        <apikit:mapping statusCode="400">
            <apikit:exception value="org.mule.module.apikit.exception.BadRequestException" />
            <set-property propertyName="Content-Type" value="application/json" doc:name="Property"/>
            <set-payload value="{ &quot;message&quot;: &quot;Bad request&quot; }" doc:name="Set Payload"/>
        </apikit:mapping>
    </apikit:mapping-exception-strategy>
</mule>
