<?xml version="1.0" encoding="UTF-8"?>
<mule xmlns:tracking="http://www.mulesoft.org/schema/mule/ee/tracking" xmlns:db="http://www.mulesoft.org/schema/mule/db"
	xmlns:smtp="http://www.mulesoft.org/schema/mule/smtp"
	xmlns:massil-ldap="http://www.mulesoft.org/schema/mule/massil-ldap"
	xmlns:validation="http://www.mulesoft.org/schema/mule/validation"
	xmlns:json="http://www.mulesoft.org/schema/mule/json"
	xmlns:doc="http://www.mulesoft.org/schema/mule/documentation" xmlns="http://www.mulesoft.org/schema/mule/core" xmlns:apikit="http://www.mulesoft.org/schema/mule/apikit" xmlns:http="http://www.mulesoft.org/schema/mule/http" xmlns:spring="http://www.springframework.org/schema/beans" xmlns:xsi="http://www.w3.org/2001/XMLSchema-instance" xsi:schemaLocation="http://www.mulesoft.org/schema/mule/db http://www.mulesoft.org/schema/mule/db/current/mule-db.xsd
http://www.mulesoft.org/schema/mule/smtp http://www.mulesoft.org/schema/mule/smtp/current/mule-smtp.xsd
http://www.mulesoft.org/schema/mule/massil-ldap http://www.mulesoft.org/schema/mule/massil-ldap/current/mule-massil-ldap.xsd
http://www.mulesoft.org/schema/mule/validation http://www.mulesoft.org/schema/mule/validation/current/mule-validation.xsd
http://www.mulesoft.org/schema/mule/json http://www.mulesoft.org/schema/mule/json/current/mule-json.xsd
http://www.mulesoft.org/schema/mule/core http://www.mulesoft.org/schema/mule/core/current/mule.xsd
http://www.mulesoft.org/schema/mule/http http://www.mulesoft.org/schema/mule/http/current/mule-http.xsd
http://www.mulesoft.org/schema/mule/apikit http://www.mulesoft.org/schema/mule/apikit/current/mule-apikit.xsd
http://www.springframework.org/schema/beans http://www.springframework.org/schema/beans/spring-beans-3.1.xsd
http://www.mulesoft.org/schema/mule/ee/tracking http://www.mulesoft.org/schema/mule/ee/tracking/current/mule-tracking-ee.xsd">
    <http:listener-config name="anz_registrations_operations-httpListenerConfig" host="0.0.0.0" port="${http.port}" doc:name="HTTP Listener Configuration"/>
    <apikit:config name="anz_registrations_operations-config" raml="anz_registrations_operations.raml" consoleEnabled="false" doc:name="Router"/>
    <http:request-config name="HTTP_Request_Configuration" host="${host}" port="${es.port}" basePath="${es.basePath}" doc:name="HTTP Request Configuration"/>
    <massil-ldap:config name="MassilLdap__Configuration" providerUrl="${ldap.url}" securityAuthentication="${ldap.securityAutthentication}" securityCredentials="${ldap.securityCredentials}" securityPrincipal="${ldap.securityPrincipal}" userGroupDn="${ladp.usergroupdn}" doc:name="MassilLdap: Configuration"/>
    <db:mysql-config name="MySQL_Configuration" host="${host}" port="${db.port}" user="${db.user}" password="${db.password}" database="${database}" doc:name="MySQL Configuration"/>
    <smtp:gmail-connector name="Gmail" validateConnections="true" doc:name="Gmail"/>
    <validation:config name="Validation_Configuration" doc:name="Validation Configuration"/>
    <flow name="anz_registrations_operations-main">
        <http:listener config-ref="anz_registrations_operations-httpListenerConfig" path="/api/*" doc:name="HTTP">
            <http:response-builder>
                <http:header headerName="Access-Control-Allow-Origin" value="*"/>
            </http:response-builder>
        </http:listener>
        <apikit:router config-ref="anz_registrations_operations-config" doc:name="APIkit Router"/>
        <exception-strategy ref="anz_registrations_operations-apiKitGlobalExceptionMapping" doc:name="Reference Exception Strategy"/>
    </flow>
    <flow name="anz_registrations_operations-console">
        <http:listener config-ref="anz_registrations_operations-httpListenerConfig" path="/console/*" doc:name="HTTP"/>
        <apikit:console config-ref="anz_registrations_operations-config" doc:name="APIkit Console"/>
    </flow>
    <flow name="get:/getRegistration:anz_registrations_operations-config">
<json:json-to-object-transformer returnClass="java.lang.Object" doc:name="JSON to Object"/>
        <flow-ref name="getRegDetailsvalidationFlow" doc:name="getRegDetailsvalidationFlow"/>
        <choice doc:name="Choice">
            <when expression="#[sessionVars.getDetailscondition!='1']">
                <set-variable variableName="userRef" value="#[message.inboundProperties.'http.query.params']" doc:name="userRef"/>
                <http:request config-ref="HTTP_Request_Configuration" path="/{userRef}" method="GET" doc:name="HTTP">
                    <http:request-builder>
                        <http:uri-param paramName="userRef" value="#[flowVars.userRef.userRef]"/>
                        <http:uri-param paramName="guid" value="#[flowVars.userRef.guid]"/>
                        <http:uri-param paramName="requestedOn" value="#[flowVars.userRef.requestedOn]"/>
                        <http:uri-param paramName="requestedFrom" value="#[flowVars.userRef.requestedFrom]"/>
                        <http:uri-param paramName="geoLocation" value="#[flowVars.userRef.geoLocation]"/>

                    </http:request-builder>
                </http:request>
                <json:json-to-object-transformer returnClass="java.lang.Object" doc:name="JSON to Object"/>
                <set-variable variableName="source" value="#[payload._source]" doc:name="sourceVar"/>
                <set-payload value="{
	&quot;userRef&quot;: &quot;#[flowVars.userRef.userRef]&quot;,
	&quot;guid&quot;: &quot;#[flowVars.userRef.guid]&quot;,
	&quot;geoLocation&quot;: &quot;#[flowVars.userRef.geoLocation]&quot;,
	&quot;responseFrom&quot;: &quot;#[flowVars.userRef.requestedFrom]&quot;,
	&quot;responseOn&quot;: &quot;#[flowVars.userRef.requestedOn]&quot;,
	&quot;status&quot;:&quot;success&quot;,
	&quot;statusCode&quot;:&quot;0&quot;
}" mimeType="application/json" doc:name="Set Payload"/>
                <expression-transformer expression="#[payload]" doc:name="Expression"/>
                <set-variable variableName="header" value="#[payload]" doc:name="headerVar"/>
                <expression-transformer expression="#[['header':flowVars.header,'body':flowVars.source]]" doc:name="Expression"/>
                <set-payload value="#[payload]" mimeType="application/json" doc:name="Set Payload"/>
                <json:object-to-json-transformer doc:name="Object to JSON"/>
            </when>
            <otherwise>
                <logger  level="INFO" doc:name="Logger"/>
            </otherwise>
        </choice>   
         </flow>
             <flow name="getRegDetailsvalidationFlow">
        <validation:all config-ref="Validation_Configuration"   doc:name="Validation">
            <validation:validations>
                <validation:is-not-empty value="#[message.inboundProperties.'http.query.params'.requestedFrom]" message="{&quot;message&quot;:&quot;requestedFrom is required&quot;}"/>
                <validation:is-not-empty value="#[message.inboundProperties.'http.query.params'.geoLocation]" message="{&quot;message&quot;:&quot;geoLocation is required&quot;}"/>
                <validation:is-not-empty value="#[message.inboundProperties.'http.query.params'.guid]" message="{&quot;message&quot;:&quot;guid is required&quot;}"/>
                <validation:is-not-empty value="#[message.inboundProperties.'http.query.params'.userRef]" message="{&quot;message&quot;:&quot;userRef is required&quot;}"/>
                <validation:is-not-empty value="#[message.inboundProperties.'http.query.params'.requestedOn]" message="{&quot;message&quot;:&quot;requestedOn is required&quot;}"/>
            </validation:validations>
        </validation:all>
        <catch-exception-strategy doc:name="Catch Exception Strategy">
            <set-property propertyName="http.status" value="400" doc:name="Property"/>
            <set-payload value="#[''+exception]" doc:name="Set Payload"/>
            <set-session-variable variableName="getDetailscondition" value="1" doc:name="Session Variable"/>
        </catch-exception-strategy>
    </flow>
    <flow name="post:/basicRegistrations:anz_registrations_operations-config">
<json:json-to-object-transformer returnClass="java.lang.Object" doc:name="JSON to Object"/>
        <flow-ref name="basicValidationFlow" doc:name="basicValidationFlow"/>
        <choice doc:name="Choice">
            <when expression="#[sessionVars.condition!='1']">
                <set-variable variableName="basicRegData" value="#[payload]" doc:name="basicRegData"/>
                <massil-ldap:search-user config-ref="MassilLdap__Configuration" uid="#[payload.body.emailId]" doc:name="MassilLdap"/>
                <choice doc:name="Choice">
                    <when expression="#[payload.statusCode=='-1']">
                        <set-payload value="#[flowVars.basicRegData]" doc:name="Set Payload"/>
                        <flow-ref name="basicRegMainFlow" doc:name="basicRegMainFlow"/>
                    </when>
                    <otherwise>
                        <set-payload value="{   &quot;header&quot;: {     &quot;guid&quot;: &quot;#[flowVars.basicRegData.header.guid]&quot;,     &quot;responseOn&quot;: &quot;#[server.dateTime.withTimeZone('GMT+5:30').format('MM/dd/yyyy,HH:mm:ss')]&quot;,     &quot;responseFrom&quot;: &quot;#[flowVars.basicRegData.header.requestedFrom]&quot;,     &quot;userRef&quot;: &quot;#[flowVars.basicRegData.header.userRef]&quot; ,&quot;geoLocation&quot;:&quot;#[flowVars.basicRegData.header.geoLocation]&quot;,&quot;status&quot;:&quot;error&quot;, &quot;statusCode&quot;:&quot;-1&quot;  },   &quot;body&quot;: {    &quot;message&quot;: &quot;User already exists&quot;   } }" doc:name="Set Payload"/>
                    </otherwise>
                </choice>
            </when>
            <otherwise>
                <logger level="INFO" doc:name="Logger"/>
            </otherwise>
        </choice>

    </flow>
        <flow name="basicValidationFlow">
        <validation:all config-ref="Validation_Configuration" doc:name="Validation">
            <validation:validations>
                <validation:is-not-empty value="#[payload.body]" message="{&quot;message&quot;:&quot;body should not be empty&quot;}"/>
                <validation:is-not-empty value="#[payload.header]" message="{&quot;message&quot;:&quot;header should not be empty&quot;}"/>
            </validation:validations>
        </validation:all>
        <validation:all config-ref="Validation_Configuration" doc:name="basic Registration Validation">
            <validation:validations>
                <validation:is-not-empty value="#[payload.body.gender]" message="{&quot;message&quot;:&quot;gender is required&quot;}"/>
                <validation:is-not-empty value="#[payload.body.age]" message="{&quot;message&quot;:&quot;age is required&quot;}"/>

                <validation:is-not-empty value="#[payload.body.religion]" message="{&quot;message&quot;:&quot;religion is required&quot;}"/>
                <validation:is-not-empty value="#[payload.body.userRef]" message="{&quot;message&quot;:&quot;userRef is required&quot;}"/>
                <validation:is-not-empty value="#[payload.body]" message="{&quot;message&quot;:&quot;body Should not empty&quot;}"/>
                <validation:is-not-empty value="#[payload.body.emailId]" message="{&quot;message&quot;:&quot;emailID is required&quot;}"/>
                <validation:is-not-empty value="#[payload.body.profileFor]" message="{&quot;message&quot;:&quot;profileFor is required&quot;}"/>
                <validation:is-not-empty value="#[payload.header]" message="{&quot;message&quot;:&quot;header should not empty&quot;}"/>
                <validation:is-not-empty value="#[payload.body.password]" message="{&quot;message&quot;:&quot;password is required&quot;}"/>
                <validation:is-not-empty value="#[payload.header.userRef]" message="{&quot;message&quot;:&quot;userRef is required&quot;}"/>
                <validation:is-not-empty value="#[payload.header.geoLocation]" message="{&quot;message&quot;:&quot;geoLocation is required&quot;}"/>
                <validation:is-not-empty value="#[payload.header.guid]" message="{&quot;message&quot;:&quot;guid is required&quot;}"/>
                <validation:is-not-empty value="#[payload.header.requestedOn]" message="{&quot;message&quot;:&quot;requestedOn is required&quot;}"/>
                <validation:is-not-empty value="#[payload.header.requestedFrom]" message="{&quot;message&quot;:&quot;requestedFrom is required&quot;}"/>
                <validation:is-not-empty value="#[payload.body.firstName]" message="{&quot;message&quot;:&quot;first name is required&quot;}"/>
            </validation:validations>
        </validation:all>
        <catch-exception-strategy doc:name="Catch Exception Strategy">
            <set-property propertyName="http.status" value="400" doc:name="Property"/>
            <set-payload value="#['error:'+'\t'+exception]" doc:name="Set Payload"/>
            <set-session-variable variableName="condition" value="1" doc:name="Session Variable"/>
        </catch-exception-strategy>
    </flow>
      <flow name="basicRegMainFlow">

        <json:json-to-object-transformer returnClass="java.lang.Object" doc:name="JSON to Object"/>
        <set-variable variableName="basicProfilepercent" value="  #[payload.body.size()/56*90]" doc:name="Variable"/>

        <set-session-variable variableName="jsondata" value="#[payload]" doc:name="completeRegData"/>

        <flow-ref name="basicRegdbFlow" doc:name="basicRegdbFlow"/>
        <massil-ldap:create-user config-ref="MassilLdap__Configuration" commonName="#[sessionVars.jsondata.body.lastName]" credentails="#[sessionVars.jsondata.body.password]" email="#[sessionVars.jsondata.body.emailId]" surName="#[sessionVars.jsondata.body.firstName]" telephonenumber="0000000000" doc:name="MassilLdap"/>
        <set-variable variableName="status" value="#[payload.statusCode ]" doc:name="status"/>
        <choice doc:name="Choice">
            <when expression="#[payload.statusCode == '0']">
                <flow-ref name="basicRegEsFlow" doc:name="basicRegEsFlow"/>
                <set-variable variableName="confirmString" value="#[org.apache.commons.lang.RandomStringUtils.randomAlphanumeric(40)]" doc:name="Variable"/>
                <set-payload value=" http://localhost:8000/confirmationMail.html?p=#[flowVars.confirmString]  " doc:name="urlpayload"/>

                <async doc:name="Async">
                    <smtp:outbound-endpoint host="${smtp.host}" port="${smtp.port}" user="${smtp.user}" password="${smtp.password}" connector-ref="Gmail"  from="${smtp.mailFrom}" subject="successgully registered" replyTo="Don't reply to this address" responseTimeout="10000" doc:name="SMTP" to="#[sessionVars.jsondata.body.emailId]"/>
                </async>
                <db:insert config-ref="MySQL_Configuration" doc:name="maildb">
                    <db:parameterized-query><![CDATA[INSERT INTO `anz_matrimony`.`anz_emailconfirmation` (`emailConfirmationStatus`, `userRef`, `requestedOn`, `confirmationString`, `confirmationMail`) VALUES (#[sessionVars.jsondata.body.emailConfirmationStatus], #[sessionVars.jsondata.body.userRef],#[sessionVars.jsondata.header.requestedOn], #[flowVars.confirmString],#[payload]);]]></db:parameterized-query>

                </db:insert>
                <json:object-to-json-transformer doc:name="Object to JSON"/>
                <set-payload value=" {
 	&quot;header&quot;: {
 		&quot;guid&quot;: &quot;#[sessionVars.jsondata.header.guid]&quot;,
 		&quot;requestedOn&quot;: &quot;#[sessionVars.jsondata.header.requestedOn]&quot;,
 		&quot;requestedFrom&quot;: &quot;#[sessionVars.jsondata.header.requestedFrom]&quot;,
 		&quot;userRef&quot;: &quot;#[sessionVars.jsondata.header.userRef]&quot;,
 		&quot;geoLocation&quot;: &quot;#[sessionVars.jsondata.header.geoLocation]&quot;,
 		&quot;status&quot;: &quot;success&quot;,
 		&quot;statusCode&quot;: &quot;0&quot;
 	},
 	&quot;body&quot;: {
 		&quot;message&quot;: &quot;Registered successfully confirmation mail has been sent&quot;
 	}
 }" doc:name="Set Payload" mimeType="application/json"/>
            </when>
            <otherwise>
                <logger message="DATA NOT SEND TO ELASTIC SEARCH" level="INFO" doc:name="Logger"/>
            </otherwise>
        </choice>

    </flow>
      <flow name="basicRegdbFlow">
        <db:insert config-ref="MySQL_Configuration" doc:name="basicRegdb">
            <db:parameterized-query><![CDATA[INSERT INTO anz_userbasicdata(userRef, profileFor, firstName, lastName, emailId, password, gender, age, religion, createdOn, createdBy, modifiedOn, modifiedBy, profileCompleteness) VALUES (#[sessionVars.
jsondata.body.userRef],   #[payload.body.profileFor], #[payload.body.firstName],#[payload.body.lastName],#[payload.body.emailId], #[payload.body.password],#[payload.body.gender],#[payload.body.age],#[payload.body.religion],#[payload.body.createdOn],#[payload.body.createdBy],#[payload.body.modifiedOn],#[payload.body.modifiedBy],#[flowVars.basicProfilepercent]);]]></db:parameterized-query>

        </db:insert>

        <db:insert config-ref="MySQL_Configuration" doc:name="Database">
            <db:parameterized-query><![CDATA[INSERT INTO `anz_matrimony`.`anz_userprofiledata` (userRef) VALUES (#[ sessionVars.jsondata.body.userRef]);]]></db:parameterized-query>

        </db:insert>

    </flow>
    <flow name="basicRegEsFlow">
        <set-payload value="#[sessionVars.jsondata.body]" doc:name="basicRegDatatoDb"/>
        <set-variable variableName="add" value="#[sessionVars.jsondata.body.put('profileCompleteness',flowVars.basicProfilepercent)]" doc:name="Variable"/>
        <set-payload value="#[payload]" doc:name="Set Payload"/>
        <set-variable variableName="userRef" value="#[payload.userRef]" doc:name="userRef"/>
        <json:object-to-json-transformer doc:name="Object to JSON"/>
        <http:request config-ref="HTTP_Request_Configuration" path="/{userRef}" method="POST" doc:name="HTTP">
            <http:request-builder>
                <http:uri-param paramName="userRef" value="#[flowVars.userRef]"/>



            </http:request-builder>
        </http:request>
        <set-payload value="{
	&quot;header&quot;: {
		&quot;guid&quot;: &quot;#[sessionVars.jsondata.header.guid]&quot;,
		&quot;responseOn&quot;: &quot;#[server.dateTime.withTimeZone('GMT+5:30').format('MM/dd/yyyy,HH:mm:ss')]&quot;,
		&quot;responseFrom&quot;: &quot;#[sessionVars.jsondata.header.requestedFrom]&quot;,
		&quot;userRef&quot;: &quot;#[sessionVars.jsondata.header.userRef]&quot;,
		&quot;geoLocation&quot;: &quot;#[sessionVars.jsondata.header.geoLocation]&quot;,
		&quot;status&quot;: &quot;success&quot;,
		&quot;statusCode&quot;: &quot;#[flowVars.status]&quot;
	},
	&quot;body&quot;: {
		&quot;message&quot;: &quot;Registration Successful&quot;
	}
}" doc:name="Set Payload" mimeType="application/json"/>

    </flow>
    <flow name="post:/completeRegistration:anz_registrations_operations-config">
 <json:json-to-object-transformer returnClass="java.lang.Object" doc:name="JSON to Object"/>

        <set-variable variableName="compayload" value="#[payload]" doc:name="Variable"/>
        <flow-ref name="completeRegValidationFlow" doc:name="completeRegValidationFlow"/>
        <choice doc:name="Choice">
            <when expression="#[sessionVars.completeRegcondition!='1']">
                <set-variable variableName="size" value="#[[]]" doc:name="percentVar"/>
                <foreach collection="#[payload.body]" doc:name="For Each">
                    <set-variable variableName="payload" value="#[payload]" doc:name="payload"/>
                    <choice doc:name="Choice">
                        <when expression="#[payload.equals('')!='true']">
                            <set-variable variableName="push_size" value="#[flowVars.size.add(payload)]" doc:name="Variable"/>
                        </when>
                        <otherwise>
                            <logger level="INFO" doc:name="Logger"/>
                        </otherwise>
                    </choice>
                </foreach>
                <set-variable variableName="completeprofilepercent" value="#[flowVars.size.size()/56*90+8.333]" mimeType="application/json" doc:name="Variable"/>

                <set-session-variable variableName="completedata" value="#[payload]" doc:name="Session Variable"/>
                <set-variable variableName="cmpbody" value="#[flowVars.size]" doc:name="Variable"/>
                <flow-ref name="compRegistrationpostInDB" doc:name="compRegistrationpostInDB"/>
                <choice doc:name="Choice">
                    <when expression="#[payload=='1']">
                        <flow-ref name="compRegistrationpostInElastic" doc:name="compRegistrationpostInElastic"/>

                        <set-payload value=" {   &quot;header&quot;: {    &quot;guid&quot;: &quot;#[flowVars.compayload.header.guid]&quot;,    &quot;requestedOn&quot;: &quot;#[flowVars.compayload.header.requestedOn]&quot;,    &quot;requestedFrom&quot;: &quot;#[flowVars.compayload.header.requestedFrom]&quot;,    &quot;userRef&quot;: &quot;#[flowVars.compayload.header.userRef]&quot;,    &quot;geoLocation&quot;: &quot;#[flowVars.compayload.header.geoLocation]&quot;,    &quot;status&quot;: &quot;success&quot;,    &quot;statusCode&quot;: &quot;0&quot;   },   &quot;body&quot;: {    &quot;message&quot;: &quot;Registered successfully &quot;   }  }" doc:name="Set Payload" mimeType="application/json"/>
                    </when>
                    <otherwise>
                        <set-payload value=" {   &quot;header&quot;: {    &quot;guid&quot;: &quot;#[flowVars.compayload.header.guid]&quot;,    &quot;requestedOn&quot;: &quot;#[flowVars.compayload.header.requestedOn]&quot;,    &quot;requestedFrom&quot;: &quot;#[flowVars.compayload.header.requestedFrom]&quot;,    &quot;userRef&quot;: &quot;#[flowVars.compayload.header.userRef]&quot;,    &quot;geoLocation&quot;: &quot;#[flowVars.compayload.header.geoLocation]&quot;,    &quot;status&quot;: &quot;error&quot;,    &quot;statusCode&quot;: &quot;-1&quot;   },   &quot;body&quot;: {    &quot;message&quot;: &quot;Registration failed &quot;   }  }" doc:name="Set Payload" mimeType="application/json"/>
                    </otherwise>
                </choice>
            </when>
            <otherwise>
                <logger level="INFO" doc:name="Logger"/>
            </otherwise>
        </choice>
    </flow>
    
     <flow name="completeRegValidationFlow">
        <validation:all config-ref="Validation_Configuration" doc:name="Validation">
            <validation:validations>
                <validation:is-not-empty value="#[payload.body]" message="{&quot;message&quot;:&quot;body should not be empty&quot;}"/>
                <validation:is-not-empty value="#[payload.header]" message="{&quot;message&quot;:&quot;header should not be empty&quot;}"/>
                <validation:is-not-empty value="#[payload.header.requestedOn]" message="{&quot;message&quot;:&quot;requestedOn is required&quot;}"/>
                <validation:is-not-empty value="#[payload.header.guid]" message="{&quot;message&quot;:&quot;guid is required&quot;}"/>
                <validation:is-not-empty value="#[payload.header.geoLocation]" message="{&quot;message&quot;:&quot;geoLocation is required&quot;}"/>
                <validation:is-not-empty value="#[payload.header.requestedFrom]" message="{&quot;message&quot;:&quot;requestedFrom is required&quot;}"/>
                <validation:is-not-empty value="#[payload.header.userRef]" message="{&quot;message&quot;:&quot;userRef is required&quot;}"/>

                <validation:is-not-empty value="#[payload.body.emailId]" message="{&quot;message&quot;:&quot;emailId is required&quot;}"/>
                <validation:is-not-empty value="#[payload.body.age]" message="{&quot;message&quot;:&quot;age is required&quot;}"/>
                <validation:is-not-empty value="#[payload.body.profileFor]" message="{&quot;message&quot;:&quot;profileFor is required&quot;}"/>
                <validation:is-not-empty value="#[payload.body.gender]" message="{&quot;message&quot;:&quot;gender is required&quot;}"/>
                <validation:is-not-empty value="#[payload.body.userRef]" message="{&quot;message&quot;:&quot;userRef is required&quot;}"/>
                <validation:is-not-empty value="#[payload.body.firstName]" message="{&quot;message&quot;:&quot;firstname is required&quot;}"/>
            </validation:validations>
        </validation:all>
        <catch-exception-strategy doc:name="Catch Exception Strategy">
            <set-property propertyName="http.status" value="400" doc:name="Property"/>
            <set-payload value="#[''+exception]" doc:name="Set Payload"/>

            <set-session-variable variableName="completeRegcondition" value="1" doc:name="Session Variable"/>
        </catch-exception-strategy>
    </flow>
     <flow name="compRegistrationpostInElastic">

        <set-payload value="#[sessionVars.completedata.body]" doc:name="completedatatoES"/>
        <set-variable variableName="comperecentadd" value="#[sessionVars.completedata.body.put('profileCompleteness',flowVars.completeprofilepercent)]" doc:name="Variable"/>
        <set-payload value="#[payload]" doc:name="Set Payload"/>
        <set-variable variableName="userRef" value="#[payload.userRef]" doc:name="userref"/>
        <json:object-to-json-transformer doc:name="Object to JSON"/>

        <http:request config-ref="HTTP_Request_Configuration" path="/{userRef}" method="POST" doc:name="HTTP">
            <http:request-builder>
                <http:uri-param paramName="userRef" value="#[flowVars.userRef]"/>


            </http:request-builder>
        </http:request>
    </flow>
    <flow name="compRegistrationpostInDB">
        <db:update config-ref="MySQL_Configuration" doc:name="Database">
            <db:parameterized-query><![CDATA[UPDATE anz_matrimony.anz_userbasicdata
SET profileFor=#[payload.body.profileFor],
  firstName=#[payload.body.firstName],
 lastName=#[payload.body.lastName],
 gender=#[payload.body.gender],
 age=#[payload.body.age],
 emailId=#[payload.body.emailId],
 religion=#[payload.body.religion],
 profileCompleteness=#[flowVars.completeprofilepercent]
WHERE userRef=#[sessionVars.completedata.body.userRef];]]></db:parameterized-query>


        </db:update>
        <db:update config-ref="MySQL_Configuration" doc:name="completedatatodb">
            <db:parameterized-query><![CDATA[UPDATE anz_matrimony.anz_userprofiledata 
SET hobbies=#[sessionVars.completedata.body.hobbies],
  interests=#[sessionVars.completedata.body.interests],
 favouriteMusic=#[sessionVars.completedata.body.favouriteMusic],
 favouriteBooks=#[sessionVars.completedata.body.favouriteBooks],
 favouriteMovies=#[sessionVars.completedata.body.favouriteMovies],
 favouriteSports=#[sessionVars.completedata.body.favouriteSports],
 dob=#[sessionVars.completedata.body.dob], 
height=#[sessionVars.completedata.body.height], 
weight=#[sessionVars.completedata.body.weight], 
skinTone=#[sessionVars.completedata.body.skinTone], 
bodyType=#[sessionVars.completedata.body.bodyType],
motherTounge=#[sessionVars.completedata.body.motherTounge],
diet=#[sessionVars.completedata.body.diet], 
drink=#[sessionVars.completedata.body.drink],
smoke=#[sessionVars.completedata.body.smoke], 
maritalStatus=#[sessionVars.completedata.body.maritalStatus],
nativePlace=#[sessionVars.completedata.body.nativePlace],
  fatherStatus=#[sessionVars.completedata.body.fatherStatus],
 motherStatus=#[sessionVars.completedata.body.motherStatus],
 sibblings=#[sessionVars.completedata.body.sibblings],
religion=#[sessionVars.completedata.body.religion],
 community=#[sessionVars.completedata.body.community], 
 subCommunity=#[sessionVars.completedata.body.subCommunity],
 gothra=#[sessionVars.completedata.body.gothra], 
zodiacSign=#[sessionVars.completedata.body.zodiacSign],
college=#[sessionVars.completedata.body.college],
highestEducation=#[sessionVars.completedata.body.highestEducation],
country=#[sessionVars.completedata.body.country],
state=#[sessionVars.completedata.body.state],
city=#[sessionVars.completedata.body.city],
originCountry=#[sessionVars.completedata.body.originCountry],
originState=#[sessionVars.completedata.body.originState],
workingWith=#[sessionVars.completedata.body.workingWith],
workingAs=#[sessionVars.completedata.body.workingAs], 
workingType=#[sessionVars.completedata.body.workingType],
annualIncome=#[sessionVars.completedata.body.annualIncome], 
workingLocation=#[sessionVars.completedata.body.workingLocation],
mobileNumber=#[sessionVars.completedata.body.mobileNumber],
homePhone=#[sessionVars.completedata.body.homePhone],
 facebookId=#[sessionVars.completedata.body.facebookId],
linkedinId=#[sessionVars.completedata.body.linkedinId],
googleplusId=#[sessionVars.completedata.body.googleplusId],
twitterId=#[sessionVars.completedata.body.twitterId] 
WHERE userRef=#[sessionVars.completedata.body.userRef];]]></db:parameterized-query>

        </db:update>

        <set-payload value="1" doc:name="Set Payload"/>

    </flow>
    <flow name="post:/getEmail:anz_registrations_operations-config">
        <flow-ref name="basicRegEmailFlow" doc:name="basicRegEmailFlow"/>

    </flow>
     <flow name="basicRegEmailFlow">
        <json:json-to-object-transformer returnClass="java.lang.Object" doc:name="JSON to Object"/>
        <flow-ref name="emailValidationFlow" doc:name="emailValidationFlow"/>
        <choice doc:name="Choice">
            <when expression="#[sessionVars.mailcondition!='1']">
                <set-variable variableName="emaillPayload" value="#[payload]" doc:name="Variable"/>
                <set-variable variableName="email" value="#[payload.body.emailId]" doc:name="email"/>
                <massil-ldap:search-user config-ref="MassilLdap__Configuration" uid="#[flowVars.email]" doc:name="MassilLdap"/>
                 <choice doc:name="Choice">
            <when expression="#[payload.statusCode=='0']">
                <set-payload value="{  &quot;header&quot;: {   &quot;guid&quot;: &quot;#[flowVars.emaillPayload.header.guid]&quot;,   &quot;responseOn&quot;: &quot;#[server.dateTime.withTimeZone('GMT+5:30').format('MM/dd/yyyy,HH:mm:ss')]&quot;,   &quot;responseFrom&quot;: &quot;#[flowVars.emaillPayload.header.requestedFrom]&quot;,   &quot;userRef&quot;: &quot;#[flowVars.emaillPayload.header.userRef]&quot;,   &quot;geoLocation&quot;: &quot;#[flowVars.emaillPayload.header.geoLocation]&quot;,   &quot;status&quot;: &quot;success&quot;,   &quot;statusCode&quot;: &quot;0&quot;  },  &quot;body&quot;: {   &quot;message&quot;: &quot;emailid already exists&quot;  } }" doc:name="emailpayload" mimeType="application/json"/>
            </when>
            <otherwise>
                <set-payload value="{  &quot;header&quot;: {   &quot;guid&quot;: &quot;#[flowVars.emaillPayload.header.guid]&quot;,   &quot;responseOn&quot;: &quot;#[server.dateTime.withTimeZone('GMT+5:30').format('MM/dd/yyyy,HH:mm:ss')]&quot;,   &quot;responseFrom&quot;: &quot;#[flowVars.emaillPayload.header.requestedFrom]&quot;,   &quot;geoLocation&quot;: &quot;#[flowVars.emaillPayload.header.geoLocation]&quot;,   &quot;userRef&quot;: &quot;#[flowVars.emaillPayload.header.userRef]&quot;,   &quot;status&quot;: &quot;error&quot;,   &quot;statusCode&quot;: &quot;-1&quot;  },  &quot;body&quot;: {   &quot;message&quot;: &quot;&quot;  } }" doc:name="Set Payload" mimeType="application/json"/>
            </otherwise>
        </choice>
            </when>
            <otherwise>
                <logger level="INFO" doc:name="Logger"/>
            </otherwise>
        </choice>
       

    </flow>
    <flow name="emailValidationFlow">
        <validation:all config-ref="Validation_Configuration" doc:name="Validation">
            <validation:validations>
                <validation:is-not-empty value="#[payload.body]" message="{&quot;message&quot;:&quot;body should not be empty&quot;}"/>
                <validation:is-not-empty value="#[payload.header]" message="{&quot;message&quot;:&quot;header should not be empty&quot;}"/>
                <validation:is-not-empty value="#[payload.header.requestedOn]" message="{&quot;message&quot;:&quot;requestedOn is required&quot;}"/>
                <validation:is-not-empty value="#[payload.header.guid]" message="{&quot;message&quot;:&quot;guid is Required&quot;}"/>
                <validation:is-not-empty value="#[payload.header.requestedFrom]" message="{&quot;message&quot;:&quot;requestedFrom is Required&quot;}"/>
                <validation:is-not-empty value="#[payload.header.geoLocation]" message="{&quot;message&quot;:&quot;geoLocation is Required&quot;}"/>
            </validation:validations>
        </validation:all>
        <catch-exception-strategy doc:name="Catch Exception Strategy">
            <set-property propertyName="http.status" value="400" doc:name="Property"/>
            <set-payload value="#['error:'+'\t'+exception]" doc:name="Set Payload"/>
            <set-session-variable variableName="mailcondition" value="1" doc:name="Session Variable"/>
        </catch-exception-strategy>
    </flow>
  
    <flow name="post:/registration:anz_registrations_operations-config">
<json:json-to-object-transformer returnClass="java.lang.Object" doc:name="JSON to Object"/>
        <flow-ref name="registrationValidationFlow" doc:name="registrationValidationFlow"/>
        <choice doc:name="Choice">
            <when expression="#[sessionVars.condition!='1']">
                <set-session-variable variableName="json" value="#[payload]" doc:name="Session Variable"/>
                <set-variable variableName="RegData" value="#[payload]" doc:name="regData"/>
                <massil-ldap:search-user config-ref="MassilLdap__Configuration" uid="#[payload.body.emailId]" doc:name="MassilLdap"/>
                <choice doc:name="Choice">
                    <when expression="#[payload.statusCode=='-1']">
                        <set-payload value="#[flowVars.RegData]" doc:name="Set Payload"/>
                        <flow-ref name="registrationMainFlow" doc:name="registrationMainFlow"/>
                    </when>
                    <otherwise>
                        <set-payload value="{   &quot;header&quot;: {     &quot;guid&quot;: &quot;#[flowVars.RegData.header.guid]&quot;,     &quot;responseOn&quot;: &quot;#[server.dateTime.withTimeZone('GMT+5:30').format('MM/dd/yyyy,HH:mm:ss')]&quot;,     &quot;responseFrom&quot;: &quot;#[flowVars.RegData.header.requestedFrom]&quot;,     &quot;userRef&quot;: &quot;#[flowVars.RegData.header.userRef]&quot; ,&quot;geoLocation&quot;:&quot;#[flowVars.RegData.header.geoLocation]&quot;,&quot;status&quot;:&quot;error&quot;, &quot;statusCode&quot;:&quot;-1&quot;  },   &quot;body&quot;: {    &quot;message&quot;: &quot;User already exists&quot;   } }" doc:name="Set Payload"/>
                    </otherwise>
                </choice>
            </when>
            <otherwise>
                <logger level="INFO" doc:name="Logger"/>
            </otherwise>
        </choice>

    </flow>
      <flow name="registrationValidationFlow">
        <validation:all config-ref="Validation_Configuration" doc:name="Validation">
            <validation:validations>
                <validation:is-not-empty value="#[payload.body]" message="{&quot;message&quot;:&quot;body should not be empty&quot;}"/>
                <validation:is-not-empty value="#[payload.header]" message="{&quot;message&quot;:&quot;header should not be empty&quot;}"/>
            </validation:validations>
        </validation:all>

        <catch-exception-strategy doc:name="Catch Exception Strategy">
            <set-property propertyName="http.status" value="400" doc:name="Property"/>
            <set-payload value="#['error:'+'\t'+exception]" doc:name="Set Payload"/>
            <set-session-variable variableName="condition" value="1" doc:name="Session Variable"/>
        </catch-exception-strategy>
    </flow>
      <flow name="registrationMainFlow">

        <json:json-to-object-transformer returnClass="java.lang.Object" doc:name="JSON to Object"/>
        <set-variable variableName="basicProfilepercent" value="   #[payload.body.size()/49*90]" doc:name="Variable"/>

        <set-session-variable variableName="data" value="#[payload]" doc:name="completeRegData"/>

        <flow-ref name="registrationdbFlow" doc:name="registrationdbFlow"/>
        <massil-ldap:create-user config-ref="MassilLdap__Configuration" commonName="#[sessionVars.json.body.lastName]" credentails="#[sessionVars.json.body.password]" email="#[sessionVars.json.body.emailId]" surName="#[sessionVars.json.body.firstName]" telephonenumber="0000000000" doc:name="MassilLdap"/>
        <set-variable variableName="status" value="#[payload.statusCode ]" doc:name="status"/>
        <choice doc:name="Choice">
            <when expression="#[payload.statusCode == '0']">
                <flow-ref name="registrationEsFlow" doc:name="registrationEsFlow"/>
                <set-variable variableName="confirmString" value="#[org.apache.commons.lang.RandomStringUtils.randomAlphanumeric(40)]" doc:name="Variable"/>
                <set-payload value=" http://localhost:8000/confirmationMail.html?p=#[flowVars.confirmString]  " doc:name="urlpayload"/>

                <async doc:name="Async">
                    <smtp:outbound-endpoint host="${smtp.host}" port="${smtp.port}" user="${smtp.user}" password="${smtp.password}" connector-ref="Gmail"  from="${smtp.mailFrom}" subject="successgully registered" replyTo="Don't reply to this address" responseTimeout="10000" doc:name="SMTP" to="#[sessionVars.data.body.emailId]"/>
                </async>
                <db:insert config-ref="MySQL_Configuration" doc:name="maildb">
                    <db:parameterized-query><![CDATA[INSERT INTO `anz_matrimony`.`anz_emailconfirmation` (`emailConfirmationStatus`, `userRef`, `requestedOn`, `confirmationString`, `confirmationMail`) VALUES (#[sessionVars.data.body.emailConfirmationStatus], #[sessionVars.data.body.userRef],#[sessionVars.data.header.requestedOn], #[flowVars.confirmString],#[payload]);]]></db:parameterized-query>


                </db:insert>
                <json:object-to-json-transformer doc:name="Object to JSON"/>
                <set-payload value=" {   &quot;header&quot;: {    &quot;guid&quot;: &quot;#[sessionVars.data.header.guid]&quot;,    &quot;requestedOn&quot;: &quot;#[sessionVars.data.header.requestedOn]&quot;,    &quot;requestedFrom&quot;: &quot;#[sessionVars.data.header.requestedFrom]&quot;,    &quot;userRef&quot;: &quot;#[sessionVars.data.header.userRef]&quot;,    &quot;geoLocation&quot;: &quot;#[sessionVars.data.header.geoLocation]&quot;,    &quot;status&quot;: &quot;success&quot;,    &quot;statusCode&quot;: &quot;0&quot;   },   &quot;body&quot;: {    &quot;message&quot;: &quot;Registered successfully confirmation mail has been sent&quot;   }  }" mimeType="application/json" doc:name="Set Payload"/>
            </when>
            <otherwise>
                <logger message="DATA NOT SEND TO ELASTIC SEARCH" level="INFO" doc:name="Logger"/>
            </otherwise>
        </choice>

    </flow>
      <flow name="registrationdbFlow">
        <db:insert config-ref="MySQL_Configuration" doc:name="regdb">
            <db:parameterized-query><![CDATA[INSERT INTO anz_userbasicdata(userRef, profileFor, firstName, lastName, emailId, password, gender, age, religion, createdOn, createdBy, modifiedOn, modifiedBy, profileCompleteness) VALUES (#[sessionVars.
data.body.userRef],   #[payload.body.profileFor], #[payload.body.firstName],#[payload.body.lastName],#[payload.body.emailId], #[payload.body.password],#[payload.body.gender],#[payload.body.age],#[payload.body.religion],#[payload.body.createdOn],#[payload.body.createdBy],#[payload.body.modifiedOn],#[payload.body.modifiedBy],#[flowVars.basicProfilepercent]);]]></db:parameterized-query>
        </db:insert>
        <db:insert config-ref="MySQL_Configuration" doc:name="Database">
            <db:parameterized-query><![CDATA[INSERT INTO `anz_matrimony`.`anz_userprofiledata` (userRef) VALUES (#[ sessionVars.json.body.userRef]);]]></db:parameterized-query>
        </db:insert>
        <db:update config-ref="MySQL_Configuration" doc:name="Database">
            <db:parameterized-query><![CDATA[UPDATE anz_matrimony.anz_userprofiledata 
SET hobbies=#[sessionVars.json.body.hobbies],
  interests=#[sessionVars.json.body.interests],
 favouriteMusic=#[sessionVars.json.body.favouriteMusic],
 favouriteBooks=#[sessionVars.json.body.favouriteBooks],
 favouriteMovies=#[sessionVars.json.body.favouriteMovies],
 favouriteSports=#[sessionVars.json.body.favouriteSports],
 dob=#[sessionVars.json.body.dob], 
height=#[sessionVars.json.body.height], 
weight=#[sessionVars.json.body.weight], 
skinTone=#[sessionVars.json.body.skinTone], 
bodyType=#[sessionVars.json.body.bodyType],
motherTounge=#[sessionVars.json.body.motherTounge],
diet=#[sessionVars.json.body.diet], 
drink=#[sessionVars.json.body.drink],
smoke=#[sessionVars.json.body.smoke], 
maritalStatus=#[sessionVars.json.body.maritalStatus],
nativePlace=#[sessionVars.json.body.nativePlace],
  fatherStatus=#[sessionVars.json.body.fatherStatus],
 motherStatus=#[sessionVars.json.body.motherStatus],
 sibblings=#[sessionVars.json.body.sibblings],
religion=#[sessionVars.json.body.religion],
 community=#[sessionVars.json.body.community], 
 subCommunity=#[sessionVars.json.body.subCommunity],
 gothra=#[sessionVars.json.body.gothra], 
zodiacSign=#[sessionVars.json.body.zodiacSign],
college=#[sessionVars.json.body.college],
highestEducation=#[sessionVars.json.body.highestEducation],
country=#[sessionVars.json.body.country],
state=#[sessionVars.json.body.state],
city=#[sessionVars.json.body.city],
originCountry=#[sessionVars.json.body.originCountry],
originState=#[sessionVars.json.body.originState],
workingWith=#[sessionVars.json.body.workingWith],
workingAs=#[sessionVars.json.body.workingAs], 
annualIncome=#[sessionVars.json.body.annualIncome], 
workingLocation=#[sessionVars.json.body.workingLocation],
workingType=#[sessionVars.json.body.workingType],
mobileNumber=#[sessionVars.json.body.mobileNumber],
homePhone=#[sessionVars.json.body.homePhone],
 facebookId=#[sessionVars.json.body.facebookId],
linkedinId=#[sessionVars.json.body.linkedinId],
googleplusId=#[sessionVars.json.body.googleplusId],
twitterId=#[sessionVars.json.body.twitterId] 
WHERE userRef=#[sessionVars.json.body.userRef];]]></db:parameterized-query>

        </db:update>


    </flow>
    <flow name="registrationEsFlow">
        <set-payload value="#[sessionVars.json.body]" doc:name="regDatatoDb"/>
        <set-variable variableName="add" value="#[sessionVars.json.body.put('profileCompleteness',flowVars.basicProfilepercent)]" doc:name="Variable"/>
        <set-payload value="#[payload]" doc:name="Set Payload"/>
        <set-variable variableName="userRef" value="#[payload.userRef]" doc:name="userRef"/>
        <json:object-to-json-transformer doc:name="Object to JSON"/>
        <http:request config-ref="HTTP_Request_Configuration" path="/{userRef}" method="POST" doc:name="HTTP">
            <http:request-builder>
                <http:uri-param paramName="userRef" value="#[flowVars.userRef]"/>



            </http:request-builder>
        </http:request>
        <set-payload value="{
	&quot;header&quot;: {
		&quot;guid&quot;: &quot;#[sessionVars.json.header.guid]&quot;,
		&quot;responseOn&quot;: &quot;#[server.dateTime.withTimeZone('GMT+5:30').format('MM/dd/yyyy,HH:mm:ss')]&quot;,
		&quot;responseFrom&quot;: &quot;#[sessionVars.json.header.requestedFrom]&quot;,
		&quot;userRef&quot;: &quot;#[sessionVars.json.header.userRef]&quot;,
		&quot;geoLocation&quot;: &quot;#[sessionVars.json.header.geoLocation]&quot;,
		&quot;status&quot;: &quot;success&quot;,
		&quot;statusCode&quot;: &quot;#[flowVars.status]&quot;
	},
	&quot;body&quot;: {
		&quot;message&quot;: &quot;Registration Successful&quot;
	}
}" doc:name="Set Payload" mimeType="application/json"/>

    </flow>
    <apikit:mapping-exception-strategy name="anz_registrations_operations-apiKitGlobalExceptionMapping">
        <apikit:mapping statusCode="404">
            <apikit:exception value="org.mule.module.apikit.exception.NotFoundException" />
            <set-property propertyName="Content-Type" value="application/json" doc:name="Property"/>
            <set-payload value="{ &quot;message&quot;: &quot;Resource not found&quot; }" doc:name="Set Payload"/>
        </apikit:mapping>
        <apikit:mapping statusCode="405">
            <apikit:exception value="org.mule.module.apikit.exception.MethodNotAllowedException" />
            <set-property propertyName="Content-Type" value="application/json" doc:name="Property"/>
            <set-payload value="{ &quot;message&quot;: &quot;Method not allowed&quot; }" doc:name="Set Payload"/>
        </apikit:mapping>
        <apikit:mapping statusCode="415">
            <apikit:exception value="org.mule.module.apikit.exception.UnsupportedMediaTypeException" />
            <set-property propertyName="Content-Type" value="application/json" doc:name="Property"/>
            <set-payload value="{ &quot;message&quot;: &quot;Unsupported media type&quot; }" doc:name="Set Payload"/>
        </apikit:mapping>
        <apikit:mapping statusCode="406">
            <apikit:exception value="org.mule.module.apikit.exception.NotAcceptableException" />
            <set-property propertyName="Content-Type" value="application/json" doc:name="Property"/>
            <set-payload value="{ &quot;message&quot;: &quot;Not acceptable&quot; }" doc:name="Set Payload"/>
        </apikit:mapping>
        <apikit:mapping statusCode="400">
            <apikit:exception value="org.mule.module.apikit.exception.BadRequestException" />
            <set-property propertyName="Content-Type" value="application/json" doc:name="Property"/>
            <set-payload value="{ &quot;message&quot;: &quot;Bad request&quot; }" doc:name="Set Payload"/>
        </apikit:mapping>
    </apikit:mapping-exception-strategy>
</mule>
